num_prefill_tokens,num_decode_tokens,num_total_tokens,pd_ratio
1998,2,2000,999.0
2007,2,2009,1003.5
1910,2,1912,955.0
1966,2,1968,983.0
2030,2,2032,1015.0
2024,2,2026,1012.0
2003,2,2005,1001.5
1977,2,1979,988.5
2022,2,2024,1011.0
1991,2,1993,995.5
1955,2,1957,977.5
2029,2,2031,1014.5
1935,2,1937,967.5
1972,2,1974,986.0
1935,2,1937,967.5
1924,2,1926,962.0
1964,2,1966,982.0
2036,2,2038,1018.0
1937,2,1939,968.5
1979,2,1981,989.5
1925,2,1927,962.5
1918,2,1920,959.0
1984,2,1986,992.0
2020,2,2022,1010.0
2043,2,2045,1021.5
1925,2,1927,962.5
1990,2,1992,995.0
2011,2,2013,1005.5
1980,2,1982,990.0
1952,2,1954,976.0
2041,2,2043,1020.5
2022,2,2024,1011.0
2013,2,2015,1006.5
2033,2,2035,1016.5
1966,2,1968,983.0
1915,2,1917,957.5
2040,2,2042,1020.0
1903,2,1905,951.5
1923,2,1925,961.5
2002,2,2004,1001.0
1900,2,1902,950.0
2026,2,2028,1013.0
1985,2,1987,992.5
1962,2,1964,981.0
1983,2,1985,991.5
1916,2,1918,958.0
1948,2,1950,974.0
2045,2,2047,1022.5
1956,2,1958,978.0
1961,2,1963,980.5
1936,2,1938,968.0
2039,2,2041,1019.5
2014,2,2016,1007.0
1923,2,1925,961.5
1920,2,1922,960.0
1981,2,1983,990.5
2030,2,2032,1015.0
2025,2,2027,1012.5
1927,2,1929,963.5
1977,2,1979,988.5
2041,2,2043,1020.5
1974,2,1976,987.0
1931,2,1933,965.5
2040,2,2042,1020.0
1985,2,1987,992.5
2038,2,2040,1019.0
1952,2,1954,976.0
2040,2,2042,1020.0
1860,2,1862,930.0
2013,2,2015,1006.5
1923,2,1925,961.5
1998,2,2000,999.0
1981,2,1983,990.5
2047,2,2049,1023.5
1961,2,1963,980.5
1974,2,1976,987.0
1947,2,1949,973.5
1948,2,1950,974.0
1947,2,1949,973.5
1908,2,1910,954.0
1966,2,1968,983.0
2021,2,2023,1010.5
1917,2,1919,958.5
1922,2,1924,961.0
1933,2,1935,966.5
1938,2,1940,969.0
1909,2,1911,954.5
1920,2,1922,960.0
2038,2,2040,1019.0
2000,2,2002,1000.0
2034,2,2036,1017.0
1970,2,1972,985.0
2033,2,2035,1016.5
1960,2,1962,980.0
1955,2,1957,977.5
2007,2,2009,1003.5
2048,2,2050,1024.0
1970,2,1972,985.0
2015,2,2017,1007.5
2026,2,2028,1013.0
1991,2,1993,995.5
1921,2,1923,960.5
1983,2,1985,991.5
1929,2,1931,964.5
2024,2,2026,1012.0
1985,2,1987,992.5
1948,2,1950,974.0
1962,2,1964,981.0
1904,2,1906,952.0
1969,2,1971,984.5
1929,2,1931,964.5
1956,2,1958,978.0
1995,2,1997,997.5
1943,2,1945,971.5
1985,2,1987,992.5
2009,2,2011,1004.5
1915,2,1917,957.5
1925,2,1927,962.5
1937,2,1939,968.5
1956,2,1958,978.0
1911,2,1913,955.5
2046,2,2048,1023.0
2036,2,2038,1018.0
1918,2,1920,959.0
1906,2,1908,953.0
1931,2,1933,965.5
1948,2,1950,974.0
2047,2,2049,1023.5
1930,2,1932,965.0
2000,2,2002,1000.0
1923,2,1925,961.5
1994,2,1996,997.0
1929,2,1931,964.5
1909,2,1911,954.5
1905,2,1907,952.5
1949,2,1951,974.5
1947,2,1949,973.5
1931,2,1933,965.5
2022,2,2024,1011.0
1953,2,1955,976.5
1915,2,1917,957.5
1905,2,1907,952.5
2039,2,2041,1019.5
2008,2,2010,1004.0
1925,2,1927,962.5
1966,2,1968,983.0
1917,2,1919,958.5
1956,2,1958,978.0
1918,2,1920,959.0
1977,2,1979,988.5
1989,2,1991,994.5
2011,2,2013,1005.5
1946,2,1948,973.0
1915,2,1917,957.5
2028,2,2030,1014.0
2019,2,2021,1009.5
1910,2,1912,955.0
1925,2,1927,962.5
2000,2,2002,1000.0
1951,2,1953,975.5
1966,2,1968,983.0
1991,2,1993,995.5
2020,2,2022,1010.0
2045,2,2047,1022.5
1943,2,1945,971.5
1952,2,1954,976.0
1914,2,1916,957.0
1940,2,1942,970.0
1941,2,1943,970.5
1987,2,1989,993.5
2035,2,2037,1017.5
1964,2,1966,982.0
1930,2,1932,965.0
2013,2,2015,1006.5
1944,2,1946,972.0
1903,2,1905,951.5
2020,2,2022,1010.0
2004,2,2006,1002.0
2045,2,2047,1022.5
2030,2,2032,1015.0
1979,2,1981,989.5
1991,2,1993,995.5
1999,2,2001,999.5
1964,2,1966,982.0
1939,2,1941,969.5
2043,2,2045,1021.5
1903,2,1905,951.5
2017,2,2019,1008.5
1920,2,1922,960.0
1985,2,1987,992.5
1911,2,1913,955.5
2039,2,2041,1019.5
1971,2,1973,985.5
1934,2,1936,967.0
1961,2,1963,980.5
2023,2,2025,1011.5
1990,2,1992,995.0
1973,2,1975,986.5
1991,2,1993,995.5
1933,2,1935,966.5
1979,2,1981,989.5
1999,2,2001,999.5
2006,2,2008,1003.0
1920,2,1922,960.0
1900,2,1902,950.0
1949,2,1951,974.5
1985,2,1987,992.5
1940,2,1942,970.0
1961,2,1963,980.5
1957,2,1959,978.5
2014,2,2016,1007.0
1996,2,1998,998.0
2045,2,2047,1022.5
2006,2,2008,1003.0
1908,2,1910,954.0
2002,2,2004,1001.0
2045,2,2047,1022.5
2007,2,2009,1003.5
1911,2,1913,955.5
1942,2,1944,971.0
2014,2,2016,1007.0
1916,2,1918,958.0
1966,2,1968,983.0
1940,2,1942,970.0
2014,2,2016,1007.0
2035,2,2037,1017.5
2024,2,2026,1012.0
2043,2,2045,1021.5
1900,2,1902,950.0
1909,2,1911,954.5
2026,2,2028,1013.0
1983,2,1985,991.5
1979,2,1981,989.5
2019,2,2021,1009.5
1912,2,1914,956.0
2006,2,2008,1003.0
1948,2,1950,974.0
2040,2,2042,1020.0
1921,2,1923,960.5
1933,2,1935,966.5
1903,2,1905,951.5
2002,2,2004,1001.0
2006,2,2008,1003.0
1980,2,1982,990.0
1900,2,1902,950.0
1954,2,1956,977.0
1903,2,1905,951.5
1900,2,1902,950.0
2035,2,2037,1017.5
1925,2,1927,962.5
1948,2,1950,974.0
1930,2,1932,965.0
1950,2,1952,975.0
1977,2,1979,988.5
1971,2,1973,985.5
1946,2,1948,973.0
1925,2,1927,962.5
2021,2,2023,1010.5
2001,2,2003,1000.5
1920,2,1922,960.0
1905,2,1907,952.5
1970,2,1972,985.0
2015,2,2017,1007.5
1929,2,1931,964.5
1965,2,1967,982.5
1934,2,1936,967.0
2033,2,2035,1016.5
1988,2,1990,994.0
1929,2,1931,964.5
1939,2,1941,969.5
1971,2,1973,985.5
1904,2,1906,952.0
1910,2,1912,955.0
1910,2,1912,955.0
1952,2,1954,976.0
1966,2,1968,983.0
2042,2,2044,1021.0
1980,2,1982,990.0
1993,2,1995,996.5
2045,2,2047,1022.5
1910,2,1912,955.0
2026,2,2028,1013.0
2017,2,2019,1008.5
2011,2,2013,1005.5
1995,2,1997,997.5
2037,2,2039,1018.5
1945,2,1947,972.5
1953,2,1955,976.5
1996,2,1998,998.0
1974,2,1976,987.0
1902,2,1904,951.0
1935,2,1937,967.5
1938,2,1940,969.0
1969,2,1971,984.5
1985,2,1987,992.5
1986,2,1988,993.0
1994,2,1996,997.0
1923,2,1925,961.5
1986,2,1988,993.0
1909,2,1911,954.5
1381,8,1389,172.625
1969,8,1977,246.125
1941,19,1960,102.15789473684211
1938,31,1969,62.516129032258064
1974,23,1997,85.82608695652173
1992,10,2002,199.2
2001,17,2018,117.70588235294117
2040,4,2044,510.0
1852,14,1866,132.28571428571428
1975,14,1989,141.07142857142858
1929,40,1969,48.225
2022,9,2031,224.66666666666666
1961,11,1972,178.27272727272728
1912,11,1923,173.8181818181818
1978,5,1983,395.6
1945,7,1952,277.85714285714283
2033,16,2049,127.0625
1918,15,1933,127.86666666666666
1977,17,1994,116.29411764705883
2003,5,2008,400.6
1984,17,2001,116.70588235294117
1976,9,1985,219.55555555555554
2006,3,2009,668.6666666666666
1927,12,1939,160.58333333333334
1925,21,1946,91.66666666666667
2043,16,2059,127.6875
2023,18,2041,112.38888888888889
2021,5,2026,404.2
1986,4,1990,496.5
1987,9,1996,220.77777777777777
1931,19,1950,101.63157894736842
2022,16,2038,126.375
1929,21,1950,91.85714285714286
2027,19,2046,106.6842105263158
2009,18,2027,111.61111111111111
1909,24,1933,79.54166666666667
1946,3,1949,648.6666666666666
1985,44,2029,45.11363636363637
1939,12,1951,161.58333333333334
1942,11,1953,176.54545454545453
2044,22,2066,92.9090909090909
1996,12,2008,166.33333333333334
1922,13,1935,147.84615384615384
1916,16,1932,119.75
1921,42,1963,45.73809523809524
1950,13,1963,150.0
1956,16,1972,122.25
1915,19,1934,100.78947368421052
1998,12,2010,166.5
1902,4,1906,475.5
1925,6,1931,320.8333333333333
2000,45,2045,44.44444444444444
2042,9,2051,226.88888888888889
2032,5,2037,406.4
1974,5,1979,394.8
2014,18,2032,111.88888888888889
2025,4,2029,506.25
1955,10,1965,195.5
1430,11,1441,130.0
1921,20,1941,96.05
1994,30,2024,66.46666666666667
1956,17,1973,115.05882352941177
1966,16,1982,122.875
1942,18,1960,107.88888888888889
1889,20,1909,94.45
1949,27,1976,72.18518518518519
1991,5,1996,398.2
1929,17,1946,113.47058823529412
1916,11,1927,174.1818181818182
1907,27,1934,70.62962962962963
2034,29,2063,70.13793103448276
1339,29,1368,46.172413793103445
1951,15,1966,130.06666666666666
1930,22,1952,87.72727272727273
2027,24,2051,84.45833333333333
2001,10,2011,200.1
1965,6,1971,327.5
1953,13,1966,150.23076923076923
1910,24,1934,79.58333333333333
1955,18,1973,108.61111111111111
1937,25,1962,77.48
1926,12,1938,160.5
1950,36,1986,54.166666666666664
1381,5,1386,276.2
1996,21,2017,95.04761904761905
1992,13,2005,153.23076923076923
1381,8,1389,172.625
1938,10,1948,193.8
1926,23,1949,83.73913043478261
2024,21,2045,96.38095238095238
1937,30,1967,64.56666666666666
2044,3,2047,681.3333333333334
2003,10,2013,200.3
2008,24,2032,83.66666666666667
2033,12,2045,169.41666666666666
2026,12,2038,168.83333333333334
1982,3,1985,660.6666666666666
2027,9,2036,225.22222222222223
2027,3,2030,675.6666666666666
1951,4,1955,487.75
2038,6,2044,339.6666666666667
1956,20,1976,97.8
1902,11,1913,172.9090909090909
1987,4,1991,496.75
1981,10,1991,198.1
1982,18,2000,110.11111111111111
1909,20,1929,95.45
2034,11,2045,184.9090909090909
1937,16,1953,121.0625
1965,21,1986,93.57142857142857
1939,18,1957,107.72222222222223
1997,4,2001,499.25
1975,31,2006,63.70967741935484
2020,18,2038,112.22222222222223
1916,6,1922,319.3333333333333
1921,47,1968,40.87234042553192
2032,21,2053,96.76190476190476
1910,42,1952,45.476190476190474
1916,6,1922,319.3333333333333
1957,42,1999,46.595238095238095
1933,19,1952,101.73684210526316
1910,13,1923,146.92307692307693
1976,23,1999,85.91304347826087
1903,12,1915,158.58333333333334
2014,8,2022,251.75
1984,28,2012,70.85714285714286
1941,13,1954,149.30769230769232
1938,4,1942,484.5
2017,4,2021,504.25
1995,14,2009,142.5
2029,6,2035,338.1666666666667
1997,15,2012,133.13333333333333
2035,246,2281,8.272357723577235
2028,20,2048,101.4
1908,28,1936,68.14285714285714
2046,25,2071,81.84
1923,3,1926,641.0
2032,4,2036,508.0
1919,15,1934,127.93333333333334
2009,22,2031,91.31818181818181
1952,11,1963,177.45454545454547
1974,5,1979,394.8
2037,27,2064,75.44444444444444
2006,18,2024,111.44444444444444
1430,67,1497,21.34328358208955
1999,24,2023,83.29166666666667
1959,9,1968,217.66666666666666
1905,3,1908,635.0
1900,26,1926,73.07692307692308
1946,19,1965,102.42105263157895
1977,5,1982,395.4
2029,6,2035,338.1666666666667
2045,2,2047,1022.5
1965,7,1972,280.7142857142857
1985,6,1991,330.8333333333333
1916,2,1918,958.0
2026,6,2032,337.6666666666667
1967,2,1969,983.5
1977,4,1981,494.25
2004,8,2012,250.5
1998,5,2003,399.6
1998,6,2004,333.0
1915,6,1921,319.1666666666667
1941,4,1945,485.25
1932,8,1940,241.5
1961,16,1977,122.5625
1973,6,1979,328.8333333333333
1985,3,1988,661.6666666666666
1914,4,1918,478.5
1909,8,1917,238.625
2023,3,2026,674.3333333333334
2006,7,2013,286.57142857142856
1936,5,1941,387.2
2025,8,2033,253.125
1920,2,1922,960.0
1938,8,1946,242.25
1990,5,1995,398.0
2005,2,2007,1002.5
1909,3,1912,636.3333333333334
2019,3,2022,673.0
1998,8,2006,249.75
2017,9,2026,224.11111111111111
1912,13,1925,147.07692307692307
1925,3,1928,641.6666666666666
2020,2,2022,1010.0
1938,6,1944,323.0
1905,7,1912,272.14285714285717
1908,5,1913,381.6
1933,3,1936,644.3333333333334
1982,2,1984,991.0
1926,6,1932,321.0
2040,10,2050,204.0
1988,2,1990,994.0
1949,5,1954,389.8
1998,6,2004,333.0
2025,5,2030,405.0
1928,5,1933,385.6
1915,3,1918,638.3333333333334
2019,4,2023,504.75
1986,3,1989,662.0
1931,2,1933,965.5
1975,3,1978,658.3333333333334
1932,5,1937,386.4
1999,3,2002,666.3333333333334
1975,4,1979,493.75
1931,2,1933,965.5
2032,2,2034,1016.0
1948,2,1950,974.0
1909,3,1912,636.3333333333334
1930,4,1934,482.5
2013,2,2015,1006.5
1995,7,2002,285.0
1948,3,1951,649.3333333333334
2016,5,2021,403.2
1991,4,1995,497.75
1919,7,1926,274.14285714285717
1911,6,1917,318.5
1357,4,1361,339.25
2024,8,2032,253.0
1965,4,1969,491.25
1906,5,1911,381.2
2033,2,2035,1016.5
2045,9,2054,227.22222222222223
2046,9,2055,227.33333333333334
1955,12,1967,162.91666666666666
1958,8,1966,244.75
1923,3,1926,641.0
2028,2,2030,1014.0
2034,8,2042,254.25
2007,5,2012,401.4
2029,5,2034,405.8
1978,6,1984,329.6666666666667
1929,7,1936,275.57142857142856
1937,7,1944,276.7142857142857
2009,8,2017,251.125
2044,4,2048,511.0
2008,2,2010,1004.0
1921,5,1926,384.2
1926,4,1930,481.5
2006,6,2012,334.3333333333333
1916,4,1920,479.0
1925,7,1932,275.0
2006,4,2010,501.5
1939,8,1947,242.375
1907,6,1913,317.8333333333333
2014,8,2022,251.75
2010,6,2016,335.0
2006,7,2013,286.57142857142856
1907,3,1910,635.6666666666666
2027,4,2031,506.75
1983,10,1993,198.3
1964,4,1968,491.0
1920,5,1925,384.0
1990,6,1996,331.6666666666667
1918,3,1921,639.3333333333334
1931,7,1938,275.85714285714283
1991,2,1993,995.5
1907,2,1909,953.5
1988,6,1994,331.3333333333333
1989,6,1995,331.5
1945,5,1950,389.0
1902,2,1904,951.0
1959,6,1965,326.5
1993,5,1998,398.6
1918,9,1927,213.11111111111111
1936,3,1939,645.3333333333334
1953,2,1955,976.5
1900,7,1907,271.42857142857144
1952,4,1956,488.0
1931,10,1941,193.1
1901,3,1904,633.6666666666666
1975,5,1980,395.0
1994,6,2000,332.3333333333333
1906,7,1913,272.2857142857143
1959,7,1966,279.85714285714283
1936,7,1943,276.57142857142856
1947,2,1949,973.5
2016,2,2018,1008.0
1928,3,1931,642.6666666666666
2022,11,2033,183.8181818181818
1988,2,1990,994.0
1966,4,1970,491.5
1933,7,1940,276.14285714285717
1907,6,1913,317.8333333333333
1953,5,1958,390.6
1992,5,1997,398.4
1985,12,1997,165.41666666666666
2021,7,2028,288.7142857142857
1974,5,1979,394.8
1975,4,1979,493.75
2041,5,2046,408.2
1983,2,1985,991.5
1947,2,1949,973.5
1920,2,1922,960.0
1926,5,1931,385.2
2036,6,2042,339.3333333333333
2048,6,2054,341.3333333333333
1978,9,1987,219.77777777777777
1940,10,1950,194.0
1996,8,2004,249.5
1937,3,1940,645.6666666666666
1932,5,1937,386.4
1957,2,1959,978.5
1980,4,1984,495.0
2030,7,2037,290.0
1962,7,1969,280.2857142857143
1960,7,1967,280.0
1947,5,1952,389.4
1974,14,1988,141.0
1995,3,1998,665.0
2007,3,2010,669.0
1911,2,1913,955.5
1933,2,1935,966.5
1905,5,1910,381.0
2000,9,2009,222.22222222222223
1919,2,1921,959.5
1918,2,1920,959.0
1933,7,1940,276.14285714285717
2007,10,2017,200.7
1976,4,1980,494.0
2040,6,2046,340.0
2006,4,2010,501.5
1936,6,1942,322.6666666666667
2008,5,2013,401.6
1976,5,1981,395.2
1990,3,1993,663.3333333333334
1921,6,1927,320.1666666666667
1963,2,1965,981.5
2013,4,2017,503.25
1994,2,1996,997.0
2035,7,2042,290.7142857142857
1914,11,1925,174.0
1996,6,2002,332.6666666666667
2004,4,2008,501.0
1902,3,1905,634.0
2006,7,2013,286.57142857142856
1982,2,1984,991.0
2012,2,2014,1006.0
1952,7,1959,278.85714285714283
1995,6,2001,332.5
1975,5,1980,395.0
2020,7,2027,288.57142857142856
1923,5,1928,384.6
1947,5,1952,389.4
1927,5,1932,385.4
1970,6,1976,328.3333333333333
1928,2,1930,964.0
2042,5,2047,408.4
1939,4,1943,484.75
2014,3,2017,671.3333333333334
2002,4,2006,500.5
1947,7,1954,278.14285714285717
2007,6,2013,334.5
2010,8,2018,251.25
1944,6,1950,324.0
1963,7,1970,280.42857142857144
2016,3,2019,672.0
1987,3,1990,662.3333333333334
2033,5,2038,406.6
1936,2,1938,968.0
1990,3,1993,663.3333333333334
2018,4,2022,504.5
1922,7,1929,274.57142857142856
2023,5,2028,404.6
1952,5,1957,390.4
1975,7,1982,282.14285714285717
1900,7,1907,271.42857142857144
2014,2,2016,1007.0
2018,5,2023,403.6
1901,3,1904,633.6666666666666
1955,4,1959,488.75
1976,2,1978,988.0
1929,5,1934,385.8
1977,2,1979,988.5
2039,2,2041,1019.5
1939,6,1945,323.1666666666667
2008,3,2011,669.3333333333334
2020,3,2023,673.3333333333334
1923,3,1926,641.0
2027,6,2033,337.8333333333333
1959,6,1965,326.5
2039,2,2041,1019.5
2003,6,2009,333.8333333333333
1971,2,1973,985.5
1905,4,1909,476.25
1930,10,1940,193.0
1969,4,1973,492.25
1910,4,1914,477.5
1900,7,1907,271.42857142857144
1965,5,1970,393.0
2001,4,2005,500.25
2034,2,2036,1017.0
2048,3,2051,682.6666666666666
2001,9,2010,222.33333333333334
2013,8,2021,251.625
1926,6,1932,321.0
1964,6,1970,327.3333333333333
1990,6,1996,331.6666666666667
1972,2,1974,986.0
1950,5,1955,390.0
1921,9,1930,213.44444444444446
1909,5,1914,381.8
1918,5,1923,383.6
1967,4,1971,491.75
1978,6,1984,329.6666666666667
2036,6,2042,339.3333333333333
1987,13,2000,152.84615384615384
1930,5,1935,386.0
2035,3,2038,678.3333333333334
1963,6,1969,327.1666666666667
1941,3,1944,647.0
1917,6,1923,319.5
2006,3,2009,668.6666666666666
1974,2,1976,987.0
1972,2,1974,986.0
2033,2,2035,1016.5
1934,3,1937,644.6666666666666
2046,2,2048,1023.0
2033,3,2036,677.6666666666666
1953,9,1962,217.0
2036,5,2041,407.2
1926,3,1929,642.0
2005,2,2007,1002.5
2039,4,2043,509.75
2003,6,2009,333.8333333333333
1971,5,1976,394.2
1974,11,1985,179.45454545454547
2013,2,2015,1006.5
1995,4,1999,498.75
2045,6,2051,340.8333333333333
1935,6,1941,322.5
1940,4,1944,485.0
1931,6,1937,321.8333333333333
1930,5,1935,386.0
1997,2,1999,998.5
2002,2,2004,1001.0
2019,5,2024,403.8
1935,5,1940,387.0
2043,4,2047,510.75
1976,3,1979,658.6666666666666
1990,4,1994,497.5
2021,6,2027,336.8333333333333
2006,6,2012,334.3333333333333
1955,2,1957,977.5
2022,4,2026,505.5
2025,3,2028,675.0
2028,6,2034,338.0
1981,10,1991,198.1
2026,3,2029,675.3333333333334
1915,3,1918,638.3333333333334
2013,215,2228,9.362790697674418
1683,301,1984,5.591362126245847
1644,259,1903,6.347490347490347
1775,250,2025,7.1
593,244,837,2.430327868852459
1454,205,1659,7.092682926829268
1906,335,2241,5.6895522388059705
596,136,732,4.382352941176471
1919,339,2258,5.660766961651918
1872,254,2126,7.3700787401574805
1902,284,2186,6.697183098591549
1554,323,1877,4.811145510835913
741,251,992,2.952191235059761
1920,332,2252,5.783132530120482
956,309,1265,3.0938511326860842
1901,334,2235,5.691616766467066
1992,352,2344,5.659090909090909
814,297,1111,2.740740740740741
1638,84,1722,19.5
1900,424,2324,4.481132075471698
885,306,1191,2.892156862745098
1974,345,2319,5.721739130434782
1958,231,2189,8.476190476190476
1911,305,2216,6.2655737704918035
2046,315,2361,6.495238095238095
1973,255,2228,7.737254901960784
1722,253,1975,6.8063241106719365
1926,245,2171,7.8612244897959185
2011,274,2285,7.339416058394161
2017,188,2205,10.72872340425532
1984,229,2213,8.663755458515285
1998,296,2294,6.75
1943,105,2048,18.504761904761907
1496,268,1764,5.582089552238806
2007,310,2317,6.474193548387097
1948,261,2209,7.46360153256705
1607,400,2007,4.0175
798,199,997,4.010050251256281
1937,421,2358,4.600950118764845
1512,139,1651,10.877697841726619
1980,418,2398,4.7368421052631575
1036,144,1180,7.194444444444445
1953,228,2181,8.56578947368421
1719,246,1965,6.987804878048781
2013,378,2391,5.325396825396825
1989,169,2158,11.76923076923077
771,301,1072,2.5614617940199333
2009,347,2356,5.789625360230548
1845,301,2146,6.129568106312292
1632,411,2043,3.9708029197080292
1956,378,2334,5.174603174603175
1066,199,1265,5.35678391959799
2012,338,2350,5.952662721893491
1952,264,2216,7.393939393939394
1912,379,2291,5.044854881266491
1014,330,1344,3.0727272727272728
1908,316,2224,6.037974683544304
1959,285,2244,6.873684210526315
1511,310,1821,4.874193548387097
1286,192,1478,6.697916666666667
1253,345,1598,3.6318840579710145
1914,156,2070,12.26923076923077
1944,254,2198,7.653543307086614
1959,201,2160,9.746268656716419
1976,137,2113,14.423357664233576
881,175,1056,5.034285714285715
2031,306,2337,6.637254901960785
1972,303,2275,6.508250825082508
1625,263,1888,6.178707224334601
2005,240,2245,8.354166666666666
2017,199,2216,10.135678391959798
1415,283,1698,5.0
2032,550,2582,3.6945454545454544
2040,489,2529,4.171779141104294
1693,297,1990,5.700336700336701
2048,429,2477,4.773892773892774
1285,362,1647,3.5497237569060776
2025,228,2253,8.881578947368421
1196,304,1500,3.9342105263157894
855,219,1074,3.904109589041096
1955,286,2241,6.835664335664336
1686,236,1922,7.1440677966101696
1968,412,2380,4.776699029126213
1456,225,1681,6.471111111111111
1572,309,1881,5.087378640776699
1245,223,1468,5.582959641255606
909,202,1111,4.5
1989,376,2365,5.289893617021277
1900,760,2660,2.5
1974,116,2090,17.017241379310345
1209,328,1537,3.6859756097560976
1280,266,1546,4.81203007518797
1916,307,2223,6.241042345276873
2009,341,2350,5.891495601173021
455,158,613,2.8797468354430378
151,184,335,0.8206521739130435
1407,333,1740,4.225225225225225
1956,333,2289,5.873873873873874
1712,307,2019,5.576547231270358
1949,368,2317,5.296195652173913
1986,316,2302,6.284810126582278
1926,278,2204,6.928057553956834
1921,164,2085,11.713414634146341
1265,211,1476,5.995260663507109
1046,344,1390,3.0406976744186047
2037,458,2495,4.4475982532751095
2016,222,2238,9.08108108108108
979,122,1101,8.024590163934427
1965,313,2278,6.277955271565495
844,123,967,6.861788617886178
1975,194,2169,10.18041237113402
1748,352,2100,4.965909090909091
1948,409,2357,4.762836185819071
1994,315,2309,6.33015873015873
542,157,699,3.4522292993630574
1953,396,2349,4.931818181818182
1566,303,1869,5.1683168316831685
240,274,514,0.8759124087591241
1948,281,2229,6.932384341637011
760,354,1114,2.146892655367232
1964,183,2147,10.73224043715847
1977,352,2329,5.6164772727272725
1979,149,2128,13.281879194630873
2032,324,2356,6.271604938271605
1998,400,2398,4.995
1965,193,2158,10.181347150259068
1148,314,1462,3.656050955414013
1988,354,2342,5.6158192090395485
1961,364,2325,5.387362637362638
1911,339,2250,5.6371681415929205
1978,174,2152,11.367816091954023
2041,277,2318,7.368231046931408
1918,319,2237,6.012539184952978
1057,163,1220,6.484662576687117
2017,254,2271,7.940944881889764
2026,341,2367,5.941348973607038
2012,406,2418,4.955665024630542
1912,397,2309,4.816120906801007
2005,329,2334,6.094224924012158
2026,255,2281,7.9450980392156865
889,253,1142,3.513833992094862
2012,349,2361,5.765042979942693
1836,119,1955,15.428571428571429
1921,238,2159,8.071428571428571
1920,298,2218,6.442953020134228
1961,333,2294,5.888888888888889
1925,237,2162,8.122362869198312
133,247,380,0.5384615384615384
1959,338,2297,5.795857988165681
1954,240,2194,8.141666666666667
2012,265,2277,7.592452830188679
1604,242,1846,6.628099173553719
2009,460,2469,4.3673913043478265
2043,342,2385,5.973684210526316
2000,364,2364,5.4945054945054945
1314,374,1688,3.513368983957219
1946,278,2224,7.0
1026,144,1170,7.125
1909,274,2183,6.967153284671533
1956,458,2414,4.270742358078603
1932,303,2235,6.376237623762377
1971,205,2176,9.614634146341464
1990,276,2266,7.2101449275362315
1981,327,2308,6.058103975535168
972,234,1206,4.153846153846154
1927,320,2247,6.021875
1498,236,1734,6.3474576271186445
1260,154,1414,8.181818181818182
1287,207,1494,6.217391304347826
645,395,1040,1.6329113924050633
1631,252,1883,6.472222222222222
2013,201,2214,10.014925373134329
1125,191,1316,5.890052356020942
1988,208,2196,9.557692307692308
1750,200,1950,8.75
1966,197,2163,9.97969543147208
1415,203,1618,6.970443349753695
1786,242,2028,7.380165289256198
1904,288,2192,6.611111111111111
1464,310,1774,4.72258064516129
1925,307,2232,6.270358306188925
1763,251,2014,7.0239043824701195
1816,284,2100,6.394366197183099
1963,254,2217,7.728346456692913
1955,207,2162,9.444444444444445
1972,464,2436,4.25
1426,255,1681,5.592156862745098
1857,335,2192,5.543283582089552
2031,260,2291,7.811538461538461
2009,328,2337,6.125
1565,274,1839,5.711678832116788
1931,372,2303,5.190860215053763
1639,199,1838,8.236180904522612
617,289,906,2.134948096885813
1930,303,2233,6.36963696369637
1715,251,1966,6.8326693227091635
897,231,1128,3.883116883116883
1958,299,2257,6.548494983277592
2039,245,2284,8.322448979591837
282,128,410,2.203125
1956,4,1960,489.0
1961,4,1965,490.25
1916,4,1920,479.0
2032,4,2036,508.0
1978,4,1982,494.5
1983,4,1987,495.75
1959,4,1963,489.75
1995,4,1999,498.75
2022,4,2026,505.5
1973,4,1977,493.25
1943,4,1947,485.75
1935,4,1939,483.75
1903,4,1907,475.75
2041,4,2045,510.25
2029,4,2033,507.25
1983,4,1987,495.75
1993,4,1997,498.25
1906,4,1910,476.5
1933,4,1937,483.25
2001,4,2005,500.25
1939,4,1943,484.75
1945,4,1949,486.25
2030,4,2034,507.5
1919,4,1923,479.75
1934,4,1938,483.5
1952,4,1956,488.0
2027,4,2031,506.75
2045,4,2049,511.25
1954,4,1958,488.5
1960,4,1964,490.0
1933,4,1937,483.25
1959,4,1963,489.75
1998,4,2002,499.5
1990,4,1994,497.5
1933,4,1937,483.25
2027,4,2031,506.75
1927,4,1931,481.75
1906,4,1910,476.5
2034,4,2038,508.5
1991,4,1995,497.75
2025,4,2029,506.25
2016,4,2020,504.0
1979,4,1983,494.75
1903,4,1907,475.75
1956,4,1960,489.0
2042,4,2046,510.5
1941,4,1945,485.25
2026,4,2030,506.5
2023,4,2027,505.75
2039,4,2043,509.75
1980,4,1984,495.0
1920,4,1924,480.0
1966,4,1970,491.5
1935,4,1939,483.75
2002,4,2006,500.5
1948,4,1952,487.0
1981,4,1985,495.25
1974,4,1978,493.5
1998,4,2002,499.5
1915,4,1919,478.75
1953,4,1957,488.25
1909,4,1913,477.25
1980,4,1984,495.0
1963,4,1967,490.75
1987,4,1991,496.75
2012,4,2016,503.0
1957,4,1961,489.25
1966,4,1970,491.5
1988,4,1992,497.0
1941,4,1945,485.25
1978,4,1982,494.5
1904,4,1908,476.0
1991,4,1995,497.75
2046,4,2050,511.5
2038,4,2042,509.5
1914,4,1918,478.5
1938,4,1942,484.5
1990,4,1994,497.5
1905,4,1909,476.25
2025,4,2029,506.25
1915,4,1919,478.75
1906,4,1910,476.5
1961,4,1965,490.25
1911,4,1915,477.75
1903,4,1907,475.75
1957,4,1961,489.25
1983,4,1987,495.75
1917,4,1921,479.25
1915,4,1919,478.75
1988,4,1992,497.0
2008,4,2012,502.0
1934,4,1938,483.5
1955,4,1959,488.75
2014,4,2018,503.5
2011,4,2015,502.75
1936,4,1940,484.0
1991,4,1995,497.75
1979,4,1983,494.75
1945,4,1949,486.25
1984,4,1988,496.0
2004,4,2008,501.0
1997,4,2001,499.25
1902,4,1906,475.5
2004,4,2008,501.0
1967,4,1971,491.75
2036,4,2040,509.0
2036,4,2040,509.0
2018,4,2022,504.5
1910,4,1914,477.5
2044,4,2048,511.0
1931,4,1935,482.75
2004,4,2008,501.0
1999,4,2003,499.75
1943,4,1947,485.75
1900,4,1904,475.0
2028,4,2032,507.0
1935,4,1939,483.75
2031,4,2035,507.75
1937,4,1941,484.25
1920,4,1924,480.0
1984,4,1988,496.0
1960,4,1964,490.0
1945,4,1949,486.25
1963,4,1967,490.75
1905,4,1909,476.25
1943,4,1947,485.75
2043,4,2047,510.75
1943,4,1947,485.75
1920,4,1924,480.0
2009,4,2013,502.25
1926,4,1930,481.5
2017,4,2021,504.25
1938,4,1942,484.5
1910,4,1914,477.5
1964,4,1968,491.0
1987,4,1991,496.75
1996,4,2000,499.0
1906,4,1910,476.5
1909,4,1913,477.25
2027,4,2031,506.75
1922,4,1926,480.5
1991,4,1995,497.75
1974,4,1978,493.5
1938,4,1942,484.5
2017,4,2021,504.25
1960,4,1964,490.0
2029,4,2033,507.25
1991,4,1995,497.75
1941,4,1945,485.25
2003,4,2007,500.75
1986,4,1990,496.5
1969,4,1973,492.25
2026,4,2030,506.5
2000,4,2004,500.0
1903,4,1907,475.75
1979,4,1983,494.75
2035,4,2039,508.75
1973,4,1977,493.25
2040,4,2044,510.0
2020,4,2024,505.0
1908,4,1912,477.0
2036,4,2040,509.0
2046,4,2050,511.5
2041,4,2045,510.25
1967,4,1971,491.75
1909,4,1913,477.25
2016,4,2020,504.0
2001,4,2005,500.25
1930,4,1934,482.5
2003,4,2007,500.75
1988,4,1992,497.0
2026,4,2030,506.5
1913,4,1917,478.25
1905,4,1909,476.25
1969,4,1973,492.25
1908,4,1912,477.0
1965,4,1969,491.25
2048,4,2052,512.0
1974,4,1978,493.5
1953,4,1957,488.25
2035,4,2039,508.75
2032,4,2036,508.0
1987,4,1991,496.75
1998,4,2002,499.5
1964,4,1968,491.0
1953,4,1957,488.25
1929,4,1933,482.25
2044,4,2048,511.0
1984,4,1988,496.0
1962,4,1966,490.5
2036,4,2040,509.0
1990,4,1994,497.5
1941,4,1945,485.25
1939,4,1943,484.75
1984,4,1988,496.0
1902,4,1906,475.5
1913,4,1917,478.25
2044,4,2048,511.0
1939,4,1943,484.75
1988,4,1992,497.0
1992,14,2006,142.28571428571428
1974,12,1986,164.5
1975,4,1979,493.75
1982,15,1997,132.13333333333333
2026,7,2033,289.42857142857144
2003,4,2007,500.75
2010,9,2019,223.33333333333334
1943,8,1951,242.875
1900,6,1906,316.6666666666667
1936,5,1941,387.2
2045,10,2055,204.5
1911,5,1916,382.2
2013,3,2016,671.0
1932,9,1941,214.66666666666666
1987,4,1991,496.75
1902,13,1915,146.30769230769232
2022,15,2037,134.8
1965,11,1976,178.63636363636363
1948,5,1953,389.6
1917,2,1919,958.5
2040,13,2053,156.92307692307693
2008,4,2012,502.0
1971,4,1975,492.75
1944,3,1947,648.0
2035,9,2044,226.11111111111111
1943,7,1950,277.57142857142856
1916,13,1929,147.3846153846154
1940,4,1944,485.0
2048,7,2055,292.57142857142856
1928,5,1933,385.6
2029,12,2041,169.08333333333334
2039,3,2042,679.6666666666666
1998,9,2007,222.0
2011,7,2018,287.2857142857143
1968,5,1973,393.6
1979,5,1984,395.8
1972,7,1979,281.7142857142857
1903,6,1909,317.1666666666667
2009,3,2012,669.6666666666666
1971,4,1975,492.75
1966,3,1969,655.3333333333334
2037,12,2049,169.75
2034,5,2039,406.8
2041,5,2046,408.2
1981,6,1987,330.1666666666667
1987,12,1999,165.58333333333334
1948,4,1952,487.0
2010,12,2022,167.5
1936,8,1944,242.0
1901,4,1905,475.25
2030,13,2043,156.15384615384616
1939,34,1973,57.029411764705884
2044,7,2051,292.0
1998,4,2002,499.5
1992,9,2001,221.33333333333334
2018,5,2023,403.6
1909,6,1915,318.1666666666667
2043,3,2046,681.0
2005,7,2012,286.42857142857144
1958,5,1963,391.6
1904,7,1911,272.0
1992,5,1997,398.4
2035,4,2039,508.75
1940,4,1944,485.0
1949,4,1953,487.25
1990,7,1997,284.2857142857143
2027,3,2030,675.6666666666666
1904,8,1912,238.0
1963,4,1967,490.75
2046,3,2049,682.0
1961,4,1965,490.25
1970,17,1987,115.88235294117646
1947,4,1951,486.75
2007,6,2013,334.5
1919,7,1926,274.14285714285717
2046,10,2056,204.6
2014,4,2018,503.5
1960,19,1979,103.15789473684211
2015,4,2019,503.75
2030,5,2035,406.0
1925,4,1929,481.25
1948,6,1954,324.6666666666667
1942,6,1948,323.6666666666667
2012,3,2015,670.6666666666666
1916,9,1925,212.88888888888889
2009,8,2017,251.125
2001,3,2004,667.0
1969,3,1972,656.3333333333334
1964,7,1971,280.57142857142856
2011,3,2014,670.3333333333334
1991,3,1994,663.6666666666666
1983,7,1990,283.2857142857143
1923,5,1928,384.6
1978,7,1985,282.57142857142856
1907,5,1912,381.4
2026,4,2030,506.5
1902,5,1907,380.4
1964,11,1975,178.54545454545453
1951,11,1962,177.36363636363637
2001,5,2006,400.2
1998,5,2003,399.6
2011,3,2014,670.3333333333334
1999,5,2004,399.8
1909,13,1922,146.84615384615384
2019,5,2024,403.8
1990,5,1995,398.0
2045,3,2048,681.6666666666666
1932,11,1943,175.63636363636363
2044,3,2047,681.3333333333334
1971,7,1978,281.57142857142856
1983,2,1985,991.5
1906,5,1911,381.2
2001,6,2007,333.5
2021,5,2026,404.2
2033,11,2044,184.8181818181818
1934,2,1936,967.0
1910,5,1915,382.0
1920,6,1926,320.0
2044,8,2052,255.5
1988,4,1992,497.0
1992,13,2005,153.23076923076923
1901,24,1925,79.20833333333333
1917,7,1924,273.85714285714283
1948,12,1960,162.33333333333334
1928,6,1934,321.3333333333333
2038,5,2043,407.6
2020,8,2028,252.5
1911,5,1916,382.2
1980,11,1991,180.0
1906,10,1916,190.6
1980,7,1987,282.85714285714283
2000,3,2003,666.6666666666666
1932,5,1937,386.4
1970,9,1979,218.88888888888889
2004,15,2019,133.6
1936,3,1939,645.3333333333334
1937,5,1942,387.4
2003,9,2012,222.55555555555554
1978,12,1990,164.83333333333334
2030,10,2040,203.0
1915,7,1922,273.57142857142856
1941,5,1946,388.2
1932,2,1934,966.0
1934,6,1940,322.3333333333333
2023,9,2032,224.77777777777777
1911,9,1920,212.33333333333334
2033,5,2038,406.6
1911,16,1927,119.4375
2042,4,2046,510.5
1999,3,2002,666.3333333333334
1946,13,1959,149.69230769230768
1988,10,1998,198.8
1921,5,1926,384.2
1920,6,1926,320.0
2043,5,2048,408.6
1944,9,1953,216.0
1967,3,1970,655.6666666666666
1951,2,1953,975.5
1966,3,1969,655.3333333333334
1983,2,1985,991.5
1964,4,1968,491.0
1966,6,1972,327.6666666666667
2032,10,2042,203.2
2016,2,2018,1008.0
1939,6,1945,323.1666666666667
2014,6,2020,335.6666666666667
2041,6,2047,340.1666666666667
1939,7,1946,277.0
1909,8,1917,238.625
1945,9,1954,216.11111111111111
2031,4,2035,507.75
1908,14,1922,136.28571428571428
1980,11,1991,180.0
1918,7,1925,274.0
1949,5,1954,389.8
2016,6,2022,336.0
1961,3,1964,653.6666666666666
2017,3,2020,672.3333333333334
2033,9,2042,225.88888888888889
1940,8,1948,242.5
1985,11,1996,180.45454545454547
1934,5,1939,386.8
2021,12,2033,168.41666666666666
2042,17,2059,120.11764705882354
1914,9,1923,212.66666666666666
2039,8,2047,254.875
1921,3,1924,640.3333333333334
2032,6,2038,338.6666666666667
1987,8,1995,248.375
1900,8,1908,237.5
1920,4,1924,480.0
1926,4,1930,481.5
2009,16,2025,125.5625
1990,12,2002,165.83333333333334
2045,3,2048,681.6666666666666
2015,6,2021,335.8333333333333
1985,10,1995,198.5
1996,4,2000,499.0
2031,6,2037,338.5
1992,14,2006,142.28571428571428
1930,5,1935,386.0
1934,4,1938,483.5
1981,9,1990,220.11111111111111
1905,2,1907,952.5
1946,3,1949,648.6666666666666
1932,3,1935,644.0
1904,5,1909,380.8
1986,5,1991,397.2
1949,5,1954,389.8
1911,4,1915,477.75
2005,7,2012,286.42857142857144
1915,8,1923,239.375
1979,9,1988,219.88888888888889
1999,5,2004,399.8
1913,2,1915,956.5
1943,5,1948,388.6
1991,6,1997,331.8333333333333
1919,2,1921,959.5
1114,2,1116,557.0
1913,4,1917,478.25
2012,4,2016,503.0
1990,8,1998,248.75
1965,5,1970,393.0
1979,6,1985,329.8333333333333
2044,5,2049,408.8
1623,11,1634,147.54545454545453
2005,5,2010,401.0
1946,2,1948,973.0
1907,9,1916,211.88888888888889
2016,4,2020,504.0
1967,14,1981,140.5
1948,4,1952,487.0
1999,11,2010,181.72727272727272
1916,2,1918,958.0
1991,5,1996,398.2
1924,4,1928,481.0
1931,5,1936,386.2
1906,8,1914,238.25
1989,11,2000,180.8181818181818
1905,5,1910,381.0
1945,4,1949,486.25
2003,4,2007,500.75
1903,3,1906,634.3333333333334
1982,7,1989,283.14285714285717
2016,4,2020,504.0
2041,13,2054,157.0
2026,4,2030,506.5
2021,5,2026,404.2
1749,6,1755,291.5
1913,6,1919,318.8333333333333
2037,4,2041,509.25
2002,6,2008,333.6666666666667
1967,3,1970,655.6666666666666
1907,8,1915,238.375
2032,5,2037,406.4
1924,5,1929,384.8
1920,4,1924,480.0
1985,4,1989,496.25
1991,5,1996,398.2
1925,6,1931,320.8333333333333
2020,5,2025,404.0
1908,2,1910,954.0
1939,4,1943,484.75
2032,3,2035,677.3333333333334
1973,2,1975,986.5
1909,6,1915,318.1666666666667
1900,3,1903,633.3333333333334
1996,7,2003,285.14285714285717
1986,7,1993,283.7142857142857
1940,6,1946,323.3333333333333
2040,3,2043,680.0
1937,5,1942,387.4
1941,6,1947,323.5
998,2,1000,499.0
1940,3,1943,646.6666666666666
1962,9,1971,218.0
1984,5,1989,396.8
1906,5,1911,381.2
2023,5,2028,404.6
2001,8,2009,250.125
1911,5,1916,382.2
1957,7,1964,279.57142857142856
1961,4,1965,490.25
1972,3,1975,657.3333333333334
1984,8,1992,248.0
1943,2,1945,971.5
1960,4,1964,490.0
1990,2,1992,995.0
1957,5,1962,391.4
1941,6,1947,323.5
2007,7,2014,286.7142857142857
2018,7,2025,288.2857142857143
1993,7,2000,284.7142857142857
2044,5,2049,408.8
1935,7,1942,276.42857142857144
1998,5,2003,399.6
2044,4,2048,511.0
1903,2,1905,951.5
1941,3,1944,647.0
1901,6,1907,316.8333333333333
1999,6,2005,333.1666666666667
1944,2,1946,972.0
1938,3,1941,646.0
1904,3,1907,634.6666666666666
1906,3,1909,635.3333333333334
1982,8,1990,247.75
2030,4,2034,507.5
1900,8,1908,237.5
1909,3,1912,636.3333333333334
1912,9,1921,212.44444444444446
1928,5,1933,385.6
2046,3,2049,682.0
1937,6,1943,322.8333333333333
1939,2,1941,969.5
1997,5,2002,399.4
1906,6,1912,317.6666666666667
2007,4,2011,501.75
2011,5,2016,402.2
2025,5,2030,405.0
1756,2,1758,878.0
1963,3,1966,654.3333333333334
1935,5,1940,387.0
1993,3,1996,664.3333333333334
2030,6,2036,338.3333333333333
1955,6,1961,325.8333333333333
2036,7,2043,290.85714285714283
2002,8,2010,250.25
1918,4,1922,479.5
1933,5,1938,386.6
2004,6,2010,334.0
2044,3,2047,681.3333333333334
1989,5,1994,397.8
1924,7,1931,274.85714285714283
2010,6,2016,335.0
2011,5,2016,402.2
1962,2,1964,981.0
2020,4,2024,505.0
1997,5,2002,399.4
1957,6,1963,326.1666666666667
2001,3,2004,667.0
1961,10,1971,196.1
2023,7,2030,289.0
2001,4,2005,500.25
2048,4,2052,512.0
1917,6,1923,319.5
1964,2,1966,982.0
1970,10,1980,197.0
2034,29,2063,70.13793103448276
1995,2,1997,997.5
2038,5,2043,407.6
1905,5,1910,381.0
2021,9,2030,224.55555555555554
1960,5,1965,392.0
1970,7,1977,281.42857142857144
1910,4,1914,477.5
1982,8,1990,247.75
2000,3,2003,666.6666666666666
1927,4,1931,481.75
2036,4,2040,509.0
1912,6,1918,318.6666666666667
1936,4,1940,484.0
2000,5,2005,400.0
1906,5,1911,381.2
2007,2,2009,1003.5
2000,6,2006,333.3333333333333
2010,3,2013,670.0
1926,12,1938,160.5
2017,7,2024,288.14285714285717
2018,3,2021,672.6666666666666
1941,4,1945,485.25
1943,4,1947,485.75
1987,15,2002,132.46666666666667
2021,4,2025,505.25
2005,5,2010,401.0
1940,3,1943,646.6666666666666
1972,5,1977,394.4
2028,7,2035,289.7142857142857
1928,4,1932,482.0
1994,4,1998,498.5
1988,5,1993,397.6
1936,6,1942,322.6666666666667
1991,2,1993,995.5
2021,4,2025,505.25
2032,5,2037,406.4
1913,2,1915,956.5
1950,12,1962,162.5
1965,3,1968,655.0
1945,7,1952,277.85714285714283
1202,2,1204,601.0
1975,3,1978,658.3333333333334
1997,6,2003,332.8333333333333
1165,2,1167,582.5
1974,2,1976,987.0
2041,3,2044,680.3333333333334
2010,10,2020,201.0
1908,5,1913,381.6
2005,9,2014,222.77777777777777
1968,5,1973,393.6
1996,3,1999,665.3333333333334
1953,4,1957,488.25
1988,125,2113,15.904
1934,103,2037,18.776699029126213
1933,109,2042,17.73394495412844
1928,68,1996,28.352941176470587
1991,27,2018,73.74074074074075
1942,85,2027,22.847058823529412
1907,64,1971,29.796875
2010,59,2069,34.067796610169495
2047,49,2096,41.775510204081634
2001,48,2049,41.6875
2018,40,2058,50.45
1919,100,2019,19.19
1919,45,1964,42.644444444444446
2008,89,2097,22.56179775280899
2039,120,2159,16.991666666666667
2041,53,2094,38.509433962264154
1935,103,2038,18.78640776699029
1943,64,2007,30.359375
1939,189,2128,10.25925925925926
1953,84,2037,23.25
1942,81,2023,23.97530864197531
1958,49,2007,39.95918367346939
1907,78,1985,24.44871794871795
2034,50,2084,40.68
1934,87,2021,22.229885057471265
2026,141,2167,14.368794326241135
1991,79,2070,25.20253164556962
1973,52,2025,37.94230769230769
1985,102,2087,19.46078431372549
1930,63,1993,30.634920634920636
2004,88,2092,22.772727272727273
1967,46,2013,42.76086956521739
1940,92,2032,21.08695652173913
1987,88,2075,22.579545454545453
2028,70,2098,28.97142857142857
1984,89,2073,22.292134831460675
2036,68,2104,29.941176470588236
1937,98,2035,19.76530612244898
1996,42,2038,47.523809523809526
2042,55,2097,37.127272727272725
1978,103,2081,19.203883495145632
1960,122,2082,16.065573770491802
1996,115,2111,17.356521739130436
1988,64,2052,31.0625
1999,75,2074,26.653333333333332
2020,68,2088,29.705882352941178
2030,97,2127,20.927835051546392
1978,96,2074,20.604166666666668
2004,64,2068,31.3125
2004,60,2064,33.4
1925,85,2010,22.647058823529413
1939,113,2052,17.15929203539823
1937,57,1994,33.98245614035088
1901,62,1963,30.661290322580644
2032,62,2094,32.774193548387096
1927,91,2018,21.175824175824175
1952,50,2002,39.04
2031,81,2112,25.074074074074073
1928,69,1997,27.942028985507246
1968,81,2049,24.296296296296298
1943,68,2011,28.573529411764707
1996,66,2062,30.242424242424242
1921,187,2108,10.272727272727273
1909,69,1978,27.666666666666668
1902,53,1955,35.886792452830186
1929,51,1980,37.8235294117647
1992,76,2068,26.210526315789473
2023,131,2154,15.442748091603054
1981,80,2061,24.7625
1927,77,2004,25.025974025974026
2015,43,2058,46.86046511627907
1994,66,2060,30.21212121212121
1964,46,2010,42.69565217391305
2024,102,2126,19.84313725490196
1958,42,2000,46.61904761904762
1940,116,2056,16.724137931034484
2043,92,2135,22.206521739130434
2041,40,2081,51.025
1919,95,2014,20.2
2030,68,2098,29.852941176470587
1943,130,2073,14.946153846153846
1906,78,1984,24.435897435897434
1942,145,2087,13.393103448275863
2032,47,2079,43.234042553191486
2004,105,2109,19.085714285714285
1953,101,2054,19.336633663366335
2012,153,2165,13.15032679738562
2003,69,2072,29.028985507246375
1967,138,2105,14.253623188405797
1905,100,2005,19.05
1934,88,2022,21.977272727272727
1999,41,2040,48.75609756097561
1943,61,2004,31.852459016393443
2012,137,2149,14.686131386861314
2044,48,2092,42.583333333333336
1913,125,2038,15.304
1996,146,2142,13.67123287671233
1922,55,1977,34.945454545454545
2003,94,2097,21.30851063829787
1985,200,2185,9.925
1959,79,2038,24.79746835443038
2029,52,2081,39.01923076923077
2016,83,2099,24.289156626506024
1910,76,1986,25.13157894736842
2022,41,2063,49.31707317073171
1926,94,2020,20.48936170212766
1968,121,2089,16.264462809917354
2029,86,2115,23.593023255813954
2025,73,2098,27.73972602739726
2041,37,2078,55.16216216216216
2000,83,2083,24.096385542168676
2021,163,2184,12.39877300613497
1967,88,2055,22.352272727272727
1946,125,2071,15.568
1958,153,2111,12.797385620915033
2038,52,2090,39.19230769230769
1993,94,2087,21.20212765957447
1940,67,2007,28.955223880597014
1977,53,2030,37.301886792452834
1936,57,1993,33.96491228070175
2016,78,2094,25.846153846153847
1917,80,1997,23.9625
1917,131,2048,14.633587786259541
2022,99,2121,20.424242424242426
2000,37,2037,54.054054054054056
2044,73,2117,28.0
2004,57,2061,35.1578947368421
2042,60,2102,34.03333333333333
1923,110,2033,17.48181818181818
1967,58,2025,33.91379310344828
2023,74,2097,27.33783783783784
1958,60,2018,32.63333333333333
1928,73,2001,26.410958904109588
1975,51,2026,38.72549019607843
1936,122,2058,15.868852459016393
1992,47,2039,42.38297872340426
1924,183,2107,10.513661202185792
1935,55,1990,35.18181818181818
1914,80,1994,23.925
1935,79,2014,24.49367088607595
2043,67,2110,30.492537313432837
1950,89,2039,21.910112359550563
1901,113,2014,16.82300884955752
1908,138,2046,13.826086956521738
2003,98,2101,20.43877551020408
2042,55,2097,37.127272727272725
2025,103,2128,19.660194174757283
1927,77,2004,25.025974025974026
2021,30,2051,67.36666666666666
2043,66,2109,30.954545454545453
1988,92,2080,21.608695652173914
1987,108,2095,18.39814814814815
1924,25,1949,76.96
1901,40,1941,47.525
1961,36,1997,54.47222222222222
1958,73,2031,26.82191780821918
2027,105,2132,19.304761904761904
1979,37,2016,53.486486486486484
1970,85,2055,23.176470588235293
1957,63,2020,31.063492063492063
1902,103,2005,18.466019417475728
2026,49,2075,41.3469387755102
1990,89,2079,22.359550561797754
2030,44,2074,46.13636363636363
1987,120,2107,16.558333333333334
1923,80,2003,24.0375
1919,84,2003,22.845238095238095
1978,45,2023,43.955555555555556
2046,62,2108,33.0
2008,78,2086,25.743589743589745
1957,82,2039,23.865853658536587
1994,29,2023,68.75862068965517
1997,90,2087,22.18888888888889
1937,33,1970,58.696969696969695
1959,49,2008,39.97959183673469
1973,82,2055,24.0609756097561
1951,84,2035,23.226190476190474
2023,54,2077,37.46296296296296
1991,44,2035,45.25
1972,80,2052,24.65
1998,53,2051,37.698113207547166
1933,44,1977,43.93181818181818
1930,64,1994,30.15625
2002,79,2081,25.341772151898734
1990,89,2079,22.359550561797754
2028,146,2174,13.89041095890411
2020,63,2083,32.06349206349206
1958,128,2086,15.296875
1995,71,2066,28.098591549295776
1991,74,2065,26.905405405405407
2010,57,2067,35.26315789473684
1971,63,2034,31.285714285714285
1991,72,2063,27.65277777777778
2002,78,2080,25.666666666666668
1972,44,2016,44.81818181818182
1926,102,2028,18.88235294117647
2022,61,2083,33.14754098360656
1974,97,2071,20.350515463917525
1930,188,2118,10.26595744680851
2014,83,2097,24.265060240963855
1939,3,1942,646.3333333333334
1988,2,1990,994.0
1962,2,1964,981.0
1947,2,1949,973.5
1986,4,1990,496.5
2027,4,2031,506.75
1958,3,1961,652.6666666666666
1928,4,1932,482.0
1998,4,2002,499.5
1999,4,2003,499.75
2018,4,2022,504.5
2031,2,2033,1015.5
2018,3,2021,672.6666666666666
2044,2,2046,1022.0
1956,2,1958,978.0
2002,2,2004,1001.0
2028,3,2031,676.0
1979,4,1983,494.75
2024,3,2027,674.6666666666666
1959,4,1963,489.75
1980,3,1983,660.0
2032,4,2036,508.0
1900,5,1905,380.0
1923,5,1928,384.6
2020,2,2022,1010.0
1981,2,1983,990.5
2000,4,2004,500.0
1958,3,1961,652.6666666666666
2010,3,2013,670.0
1912,2,1914,956.0
2047,2,2049,1023.5
1910,4,1914,477.5
2004,2,2006,1002.0
1923,3,1926,641.0
1967,2,1969,983.5
1951,2,1953,975.5
1983,4,1987,495.75
1945,2,1947,972.5
1928,7,1935,275.42857142857144
1946,6,1952,324.3333333333333
1993,4,1997,498.25
1907,5,1912,381.4
1959,5,1964,391.8
1911,2,1913,955.5
1902,4,1906,475.5
1997,2,1999,998.5
2036,4,2040,509.0
1901,2,1903,950.5
1933,6,1939,322.1666666666667
1929,5,1934,385.8
1951,2,1953,975.5
1920,2,1922,960.0
2019,2,2021,1009.5
1950,4,1954,487.5
1900,4,1904,475.0
1984,2,1986,992.0
2006,3,2009,668.6666666666666
1917,5,1922,383.4
1950,2,1952,975.0
1945,4,1949,486.25
1959,3,1962,653.0
1958,5,1963,391.6
2006,7,2013,286.57142857142856
1997,4,2001,499.25
2021,2,2023,1010.5
1900,4,1904,475.0
2011,4,2015,502.75
1953,2,1955,976.5
1997,3,2000,665.6666666666666
1910,3,1913,636.6666666666666
1968,2,1970,984.0
1907,4,1911,476.75
1988,3,1991,662.6666666666666
1994,4,1998,498.5
1986,2,1988,993.0
2016,5,2021,403.2
1934,4,1938,483.5
2032,2,2034,1016.0
1923,2,1925,961.5
1964,3,1967,654.6666666666666
1926,2,1928,963.0
1926,3,1929,642.0
1969,2,1971,984.5
1906,4,1910,476.5
1936,3,1939,645.3333333333334
1934,3,1937,644.6666666666666
1997,2,1999,998.5
1953,2,1955,976.5
2046,4,2050,511.5
1981,4,1985,495.25
1951,3,1954,650.3333333333334
2007,4,2011,501.75
2030,4,2034,507.5
2028,4,2032,507.0
1930,2,1932,965.0
2043,2,2045,1021.5
1927,2,1929,963.5
2021,3,2024,673.6666666666666
1931,5,1936,386.2
2030,3,2033,676.6666666666666
2014,2,2016,1007.0
2020,2,2022,1010.0
1945,4,1949,486.25
2016,6,2022,336.0
2040,2,2042,1020.0
1986,2,1988,993.0
1932,6,1938,322.0
2006,5,2011,401.2
1965,4,1969,491.25
1996,2,1998,998.0
1920,2,1922,960.0
2044,2,2046,1022.0
2029,2,2031,1014.5
1985,5,1990,397.0
1959,4,1963,489.75
2016,4,2020,504.0
1963,3,1966,654.3333333333334
1989,4,1993,497.25
2023,4,2027,505.75
2005,4,2009,501.25
1906,2,1908,953.0
2014,3,2017,671.3333333333334
1901,4,1905,475.25
2041,4,2045,510.25
2003,4,2007,500.75
2014,4,2018,503.5
1957,2,1959,978.5
2009,2,2011,1004.5
1961,2,1963,980.5
1964,4,1968,491.0
2022,3,2025,674.0
2021,2,2023,1010.5
1936,2,1938,968.0
1958,6,1964,326.3333333333333
2012,2,2014,1006.0
1972,4,1976,493.0
1992,2,1994,996.0
2024,2,2026,1012.0
1938,4,1942,484.5
2033,2,2035,1016.5
1922,4,1926,480.5
1948,7,1955,278.2857142857143
1976,2,1978,988.0
2032,4,2036,508.0
1931,2,1933,965.5
1915,3,1918,638.3333333333334
1939,6,1945,323.1666666666667
1987,4,1991,496.75
1909,3,1912,636.3333333333334
1985,2,1987,992.5
1941,2,1943,970.5
2019,3,2022,673.0
1999,5,2004,399.8
1948,4,1952,487.0
2005,3,2008,668.3333333333334
2027,3,2030,675.6666666666666
1949,4,1953,487.25
1942,2,1944,971.0
2000,2,2002,1000.0
1912,2,1914,956.0
1986,4,1990,496.5
2033,2,2035,1016.5
1948,4,1952,487.0
1983,2,1985,991.5
1946,2,1948,973.0
2032,4,2036,508.0
2038,4,2042,509.5
2011,4,2015,502.75
1938,5,1943,387.6
2026,2,2028,1013.0
2046,2,2048,1023.0
1954,4,1958,488.5
2012,2,2014,1006.0
1908,4,1912,477.0
1962,4,1966,490.5
2024,4,2028,506.0
1981,3,1984,660.3333333333334
2042,4,2046,510.5
1950,4,1954,487.5
1900,4,1904,475.0
1911,2,1913,955.5
1915,3,1918,638.3333333333334
1934,3,1937,644.6666666666666
1962,2,1964,981.0
2013,3,2016,671.0
1957,2,1959,978.5
1927,2,1929,963.5
2032,3,2035,677.3333333333334
2008,2,2010,1004.0
1973,5,1978,394.6
1986,4,1990,496.5
2026,2,2028,1013.0
1949,5,1954,389.8
1941,4,1945,485.25
1995,4,1999,498.75
2042,2,2044,1021.0
1991,4,1995,497.75
2012,2,2014,1006.0
2000,4,2004,500.0
2012,2,2014,1006.0
1981,32,2013,61.90625
2019,8,2027,252.375
1917,398,2315,4.816582914572864
1937,706,2643,2.7436260623229463
1956,50,2006,39.12
1929,188,2117,10.26063829787234
1939,244,2183,7.94672131147541
2000,146,2146,13.698630136986301
2018,25,2043,80.72
2038,146,2184,13.95890410958904
1953,368,2321,5.307065217391305
1994,119,2113,16.756302521008404
1911,65,1976,29.4
1905,388,2293,4.90979381443299
2003,79,2082,25.354430379746834
1953,25,1978,78.12
1922,366,2288,5.251366120218579
2005,720,2725,2.7847222222222223
2045,5,2050,409.0
2005,620,2625,3.2338709677419355
2038,27,2065,75.48148148148148
1953,294,2247,6.642857142857143
1901,536,2437,3.546641791044776
1934,37,1971,52.270270270270274
2035,442,2477,4.604072398190045
2025,239,2264,8.472803347280335
1979,427,2406,4.634660421545667
1997,186,2183,10.736559139784946
2039,589,2628,3.461799660441426
2037,30,2067,67.9
1916,172,2088,11.13953488372093
1920,18,1938,106.66666666666667
2026,727,2753,2.7867950481430537
1903,397,2300,4.793450881612091
1952,55,2007,35.49090909090909
2007,503,2510,3.9900596421471173
1992,181,2173,11.005524861878452
1979,207,2186,9.560386473429952
1921,68,1989,28.25
1905,63,1968,30.238095238095237
1961,333,2294,5.888888888888889
1907,123,2030,15.504065040650406
2031,203,2234,10.004926108374384
1994,60,2054,33.233333333333334
1939,107,2046,18.121495327102803
2019,291,2310,6.938144329896907
1966,64,2030,30.71875
1928,719,2647,2.6815020862308763
2014,346,2360,5.820809248554913
1971,186,2157,10.596774193548388
1956,135,2091,14.488888888888889
1997,180,2177,11.094444444444445
1998,16,2014,124.875
2029,299,2328,6.785953177257525
1986,1132,3118,1.754416961130742
1958,96,2054,20.395833333333332
1967,46,2013,42.76086956521739
1922,8,1930,240.25
1911,41,1952,46.609756097560975
1939,379,2318,5.116094986807388
1980,294,2274,6.73469387755102
2044,592,2636,3.4527027027027026
2024,41,2065,49.36585365853659
1916,143,2059,13.398601398601398
2034,115,2149,17.68695652173913
2022,560,2582,3.6107142857142858
2011,159,2170,12.647798742138365
1981,310,2291,6.390322580645162
1998,29,2027,68.89655172413794
1906,400,2306,4.765
1929,334,2263,5.775449101796407
2011,387,2398,5.196382428940568
1934,78,2012,24.794871794871796
1936,15,1951,129.06666666666666
1907,540,2447,3.5314814814814817
1930,671,2601,2.8763040238450075
2010,10,2020,201.0
1963,895,2858,2.1932960893854747
1908,144,2052,13.25
1969,88,2057,22.375
1967,82,2049,23.98780487804878
1998,951,2949,2.1009463722397475
1929,145,2074,13.303448275862069
1988,405,2393,4.908641975308642
1974,59,2033,33.45762711864407
1995,816,2811,2.4448529411764706
1948,45,1993,43.28888888888889
2038,172,2210,11.848837209302326
2038,128,2166,15.921875
1915,134,2049,14.291044776119403
1986,86,2072,23.093023255813954
2031,187,2218,10.86096256684492
2041,137,2178,14.897810218978103
1903,124,2027,15.346774193548388
1941,286,2227,6.786713286713287
2026,125,2151,16.208
1905,38,1943,50.13157894736842
1966,24,1990,81.91666666666667
1984,22,2006,90.18181818181819
1935,1192,3127,1.6233221476510067
1988,331,2319,6.006042296072508
1925,402,2327,4.788557213930348
2043,12,2055,170.25
2006,16,2022,125.375
1917,15,1932,127.8
1964,273,2237,7.194139194139194
2046,517,2563,3.9574468085106385
1926,874,2800,2.203661327231121
2033,272,2305,7.474264705882353
1919,116,2035,16.54310344827586
1932,157,2089,12.305732484076433
2024,39,2063,51.8974358974359
1908,113,2021,16.884955752212388
2033,34,2067,59.794117647058826
1957,122,2079,16.040983606557376
1988,274,2262,7.255474452554744
1924,146,2070,13.178082191780822
2042,38,2080,53.73684210526316
1955,34,1989,57.5
1945,57,2002,34.12280701754386
1958,30,1988,65.26666666666667
2002,147,2149,13.619047619047619
1951,230,2181,8.482608695652173
2012,220,2232,9.145454545454545
1989,83,2072,23.96385542168675
1940,13,1953,149.23076923076923
1968,28,1996,70.28571428571429
1989,6,1995,331.5
2040,124,2164,16.451612903225808
1951,44,1995,44.34090909090909
1955,390,2345,5.012820512820513
2019,689,2708,2.93033381712627
1980,579,2559,3.4196891191709846
1932,10,1942,193.2
1970,359,2329,5.487465181058496
2043,16,2059,127.6875
1900,795,2695,2.389937106918239
1921,154,2075,12.474025974025974
1983,26,2009,76.26923076923077
1978,34,2012,58.1764705882353
1982,25,2007,79.28
1908,39,1947,48.92307692307692
1921,164,2085,11.713414634146341
1903,98,2001,19.418367346938776
1974,239,2213,8.259414225941423
1929,109,2038,17.69724770642202
1942,39,1981,49.794871794871796
1970,70,2040,28.142857142857142
1951,4,1955,487.75
2031,424,2455,4.790094339622642
2041,487,2528,4.190965092402464
1988,48,2036,41.416666666666664
2014,796,2810,2.530150753768844
1922,11,1933,174.72727272727272
2006,135,2141,14.85925925925926
2028,165,2193,12.290909090909091
2036,57,2093,35.719298245614034
2004,71,2075,28.225352112676056
1931,22,1953,87.77272727272727
1920,511,2431,3.7573385518590996
2018,548,2566,3.6824817518248176
1982,180,2162,11.011111111111111
1944,182,2126,10.68131868131868
1975,17,1992,116.17647058823529
1961,201,2162,9.756218905472636
2011,741,2752,2.7139001349527665
1973,141,2114,13.99290780141844
1908,935,2843,2.0406417112299464
1905,80,1985,23.8125
1902,332,2234,5.728915662650603
1968,12,1980,164.0
1919,34,1953,56.44117647058823
1980,104,2084,19.03846153846154
1981,98,2079,20.214285714285715
2040,35,2075,58.285714285714285
1973,86,2059,22.941860465116278
1912,759,2671,2.5191040843214756
1963,517,2480,3.7969052224371374
2032,472,2504,4.305084745762712
1935,55,1990,35.18181818181818
1966,268,2234,7.335820895522388
1914,47,1961,40.723404255319146
1999,171,2170,11.690058479532164
2007,365,2372,5.498630136986302
1971,60,2031,32.85
1957,130,2087,15.053846153846154
1964,144,2108,13.63888888888889
1980,739,2719,2.679296346414073
2036,321,2357,6.342679127725857
2025,137,2162,14.781021897810218
2014,47,2061,42.851063829787236
1931,92,2023,20.98913043478261
2008,156,2164,12.871794871794872
1995,33,2028,60.45454545454545
1943,246,2189,7.8983739837398375
2033,32,2065,63.53125
1913,262,2175,7.301526717557252
1959,420,2379,4.664285714285715
2022,47,2069,43.02127659574468
1998,340,2338,5.876470588235295
1907,661,2568,2.8850226928895615
1961,775,2736,2.5303225806451612
1920,273,2193,7.032967032967033
1978,267,2245,7.408239700374532
1925,276,2201,6.97463768115942
1946,461,2407,4.221258134490238
1932,542,2474,3.5645756457564577
2012,390,2402,5.158974358974359
1903,717,2620,2.6541143654114365
1992,371,2363,5.369272237196766
2034,621,2655,3.2753623188405796
2005,399,2404,5.025062656641604
1931,223,2154,8.659192825112108
2034,670,2704,3.035820895522388
1963,327,2290,6.003058103975535
2027,541,2568,3.746765249537893
1972,309,2281,6.381877022653722
1968,371,2339,5.304582210242588
2003,640,2643,3.1296875
2010,594,2604,3.3838383838383836
2020,339,2359,5.958702064896755
1914,761,2675,2.515111695137976
1942,469,2411,4.140724946695096
2034,345,2379,5.895652173913043
1991,694,2685,2.8688760806916425
1951,771,2722,2.530479896238651
1963,597,2560,3.288107202680067
1938,701,2639,2.7646219686162623
1956,355,2311,5.509859154929577
1977,302,2279,6.546357615894039
1937,746,2683,2.596514745308311
1947,555,2502,3.5081081081081082
2041,564,2605,3.618794326241135
1964,360,2324,5.455555555555556
2039,678,2717,3.0073746312684366
1906,581,2487,3.280550774526678
1946,450,2396,4.3244444444444445
1959,648,2607,3.0231481481481484
2006,180,2186,11.144444444444444
1940,641,2581,3.0265210608424336
1962,601,2563,3.264559068219634
2043,463,2506,4.412526997840173
1932,735,2667,2.6285714285714286
2048,264,2312,7.757575757575758
1943,688,2631,2.824127906976744
1963,495,2458,3.9656565656565657
2034,407,2441,4.997542997542998
1976,614,2590,3.218241042345277
1905,462,2367,4.123376623376624
2017,796,2813,2.5339195979899496
1951,647,2598,3.015455950540958
1915,229,2144,8.362445414847162
2005,618,2623,3.244336569579288
1942,501,2443,3.87624750499002
1997,594,2591,3.361952861952862
2029,357,2386,5.6834733893557425
1999,247,2246,8.093117408906883
1954,696,2650,2.807471264367816
1998,275,2273,7.265454545454546
2036,657,2693,3.0989345509893456
2034,392,2426,5.188775510204081
2026,599,2625,3.382303839732888
1926,458,2384,4.205240174672489
1932,647,2579,2.9860896445131377
1922,632,2554,3.0411392405063293
2036,662,2698,3.0755287009063443
1902,290,2192,6.558620689655172
1920,450,2370,4.266666666666667
1902,301,2203,6.318936877076412
1962,307,2269,6.390879478827362
2001,602,2603,3.323920265780731
2015,305,2320,6.60655737704918
1970,571,2541,3.450087565674256
2005,667,2672,3.0059970014992503
1988,455,2443,4.369230769230769
2001,249,2250,8.036144578313253
1966,229,2195,8.585152838427948
1919,366,2285,5.243169398907104
1940,330,2270,5.878787878787879
1962,399,2361,4.917293233082707
1953,341,2294,5.7272727272727275
1911,460,2371,4.154347826086957
1913,686,2599,2.7886297376093294
2030,384,2414,5.286458333333333
1917,687,2604,2.7903930131004366
2014,753,2767,2.6746347941567064
1963,664,2627,2.9563253012048194
2015,769,2784,2.6202860858257475
1934,625,2559,3.0944
2030,596,2626,3.4060402684563758
1974,306,2280,6.450980392156863
1903,590,2493,3.2254237288135594
1937,588,2525,3.29421768707483
1989,222,2211,8.95945945945946
1991,309,2300,6.44336569579288
1993,636,2629,3.1336477987421385
1976,620,2596,3.1870967741935483
2028,519,2547,3.907514450867052
1964,504,2468,3.8968253968253967
1934,588,2522,3.2891156462585034
1905,669,2574,2.8475336322869955
2022,382,2404,5.293193717277487
1951,681,2632,2.8649045521292216
2001,416,2417,4.810096153846154
1986,692,2678,2.8699421965317917
2021,680,2701,2.972058823529412
1977,543,2520,3.6408839779005526
2012,470,2482,4.280851063829787
1935,179,2114,10.810055865921788
2021,465,2486,4.346236559139785
1975,650,2625,3.0384615384615383
1984,625,2609,3.1744
1989,203,2192,9.798029556650246
1997,655,2652,3.048854961832061
2001,309,2310,6.475728155339806
2048,607,2655,3.3739703459637562
2002,302,2304,6.629139072847682
2028,525,2553,3.862857142857143
1976,572,2548,3.4545454545454546
2044,666,2710,3.069069069069069
1960,609,2569,3.218390804597701
1948,394,2342,4.944162436548224
2010,694,2704,2.8962536023054755
1955,621,2576,3.1481481481481484
1967,439,2406,4.480637813211845
2031,648,2679,3.134259259259259
1942,560,2502,3.467857142857143
2030,653,2683,3.108728943338438
1935,276,2211,7.010869565217392
2032,661,2693,3.074130105900151
2036,707,2743,2.8797736916548797
2029,244,2273,8.315573770491802
2021,735,2756,2.749659863945578
1987,508,2495,3.911417322834646
1966,694,2660,2.8328530259365996
2010,362,2372,5.552486187845304
1977,357,2334,5.53781512605042
2016,393,2409,5.129770992366412
2034,454,2488,4.4801762114537445
1913,173,2086,11.057803468208093
1949,665,2614,2.930827067669173
1965,550,2515,3.5727272727272728
2017,547,2564,3.6873857404021937
1917,544,2461,3.5238970588235294
1904,572,2476,3.3286713286713288
1951,575,2526,3.3930434782608696
1926,562,2488,3.4270462633451957
1965,592,2557,3.3192567567567566
1900,356,2256,5.337078651685394
1955,737,2692,2.6526458616010853
1947,704,2651,2.765625
1944,637,2581,3.0518053375196232
1992,421,2413,4.731591448931116
1968,614,2582,3.205211726384365
1902,635,2537,2.995275590551181
1904,581,2485,3.2771084337349397
1905,680,2585,2.801470588235294
1942,298,2240,6.516778523489933
1979,616,2595,3.2126623376623376
1960,622,2582,3.1511254019292605
2000,629,2629,3.179650238473768
2027,326,2353,6.217791411042945
1992,538,2530,3.7026022304832713
1990,584,2574,3.4075342465753424
1922,680,2602,2.8264705882352943
2010,726,2736,2.768595041322314
1929,595,2524,3.242016806722689
1906,237,2143,8.042194092827005
1944,379,2323,5.129287598944591
1903,525,2428,3.624761904761905
2036,784,2820,2.5969387755102042
1969,344,2313,5.723837209302325
1990,588,2578,3.3843537414965987
1953,495,2448,3.9454545454545453
1998,300,2298,6.66
1950,614,2564,3.175895765472313
1981,277,2258,7.1516245487364625
1947,656,2603,2.9679878048780486
1945,652,2597,2.983128834355828
2027,643,2670,3.1524105754276825
1938,687,2625,2.8209606986899565
2029,292,2321,6.948630136986301
2004,466,2470,4.3004291845493565
1958,654,2612,2.99388379204893
1900,376,2276,5.053191489361702
1913,461,2374,4.1496746203904555
2011,267,2278,7.531835205992509
1908,490,2398,3.8938775510204082
1934,485,2419,3.9876288659793815
2028,661,2689,3.0680786686838126
1921,357,2278,5.380952380952381
2007,316,2323,6.35126582278481
1979,575,2554,3.4417391304347826
1984,673,2657,2.947994056463596
1948,361,2309,5.39612188365651
1915,587,2502,3.262350936967632
1986,539,2525,3.684601113172542
1935,641,2576,3.0187207488299532
1980,564,2544,3.5106382978723403
1970,536,2506,3.675373134328358
2024,18,2042,112.44444444444444
2023,4,2027,505.75
1984,4,1988,496.0
1381,8,1389,172.625
1919,20,1939,95.95
2017,42,2059,48.023809523809526
1940,19,1959,102.10526315789474
1927,18,1945,107.05555555555556
2031,10,2041,203.1
1430,11,1441,130.0
2043,6,2049,340.5
2003,4,2007,500.75
2014,13,2027,154.92307692307693
2007,12,2019,167.25
1940,24,1964,80.83333333333333
2007,23,2030,87.26086956521739
1932,6,1938,322.0
1928,18,1946,107.11111111111111
1928,7,1935,275.42857142857144
1947,24,1971,81.125
1339,29,1368,46.172413793103445
1975,17,1992,116.17647058823529
1381,5,1386,276.2
1381,8,1389,172.625
1967,5,1972,393.4
1946,3,1949,648.6666666666666
1928,12,1940,160.66666666666666
1991,5,1996,398.2
2030,36,2066,56.388888888888886
1852,14,1866,132.28571428571428
1919,4,1923,479.75
1902,12,1914,158.5
1430,67,1497,21.34328358208955
1903,6,1909,317.1666666666667
1935,11,1946,175.9090909090909
1931,21,1952,91.95238095238095
2004,246,2250,8.146341463414634
1998,29,2027,68.89655172413794
2023,16,2039,126.4375
1906,18,1924,105.88888888888889
1889,20,1909,94.45
1935,12,1947,161.25
1921,10,1931,192.1
2000,11,2011,181.8181818181818
2048,20,2068,102.4
1957,15,1972,130.46666666666667
1912,23,1935,83.1304347826087
1953,4,1957,488.25
2005,21,2026,95.47619047619048
1907,24,1931,79.45833333333333
1912,22,1934,86.9090909090909
2002,5,2007,400.4
1933,16,1949,120.8125
2043,19,2062,107.52631578947368
1976,27,2003,73.18518518518519
2004,44,2048,45.54545454545455
2003,3,2006,667.6666666666666
2039,4,2043,509.75
1914,5,1919,382.8
2014,11,2025,183.0909090909091
2038,12,2050,169.83333333333334
1937,12,1949,161.41666666666666
2043,15,2058,136.2
1932,9,1941,214.66666666666666
1953,26,1979,75.11538461538461
1943,3,1946,647.6666666666666
1922,11,1933,174.72727272727272
2047,28,2075,73.10714285714286
2020,12,2032,168.33333333333334
1973,10,1983,197.3
1968,3,1971,656.0
1964,16,1980,122.75
1954,19,1973,102.84210526315789
2003,8,2011,250.375
1902,18,1920,105.66666666666667
1913,9,1922,212.55555555555554
2034,3,2037,678.0
1917,9,1926,213.0
1902,19,1921,100.10526315789474
1972,42,2014,46.95238095238095
1939,8,1947,242.375
1936,6,1942,322.6666666666667
2029,15,2044,135.26666666666668
1934,5,1939,386.8
1929,14,1943,137.78571428571428
1985,24,2009,82.70833333333333
1901,16,1917,118.8125
1982,9,1991,220.22222222222223
1937,11,1948,176.0909090909091
1984,40,2024,49.6
2048,11,2059,186.1818181818182
1916,18,1934,106.44444444444444
1922,4,1926,480.5
1995,18,2013,110.83333333333333
1953,13,1966,150.23076923076923
1964,13,1977,151.07692307692307
2015,15,2030,134.33333333333334
1984,25,2009,79.36
2024,22,2046,92.0
2020,17,2037,118.82352941176471
2037,11,2048,185.1818181818182
2034,6,2040,339.0
1921,16,1937,120.0625
1920,21,1941,91.42857142857143
1980,4,1984,495.0
2012,31,2043,64.90322580645162
1998,19,2017,105.15789473684211
2003,47,2050,42.61702127659574
2038,4,2042,509.5
2022,16,2038,126.375
2041,18,2059,113.38888888888889
2009,28,2037,71.75
2032,13,2045,156.30769230769232
1918,21,1939,91.33333333333333
1956,27,1983,72.44444444444444
1936,42,1978,46.095238095238095
2002,21,2023,95.33333333333333
2030,5,2035,406.0
1980,3,1983,660.0
1937,25,1962,77.48
1918,9,1927,213.11111111111111
1936,10,1946,193.6
1939,3,1942,646.3333333333334
1908,10,1918,190.8
1998,16,2014,124.875
2044,17,2061,120.23529411764706
1929,20,1949,96.45
1917,17,1934,112.76470588235294
2034,22,2056,92.45454545454545
1968,14,1982,140.57142857142858
2044,13,2057,157.23076923076923
1977,24,2001,82.375
1990,30,2020,66.33333333333333
2022,30,2052,67.4
2002,10,2012,200.2
1981,18,1999,110.05555555555556
2019,23,2042,87.78260869565217
2031,13,2044,156.23076923076923
1988,45,2033,44.17777777777778
1959,4,1963,489.75
2028,6,2034,338.0
1909,27,1936,70.70370370370371
1998,19,2017,105.15789473684211
1993,31,2024,64.29032258064517
1987,17,2004,116.88235294117646
2031,21,2052,96.71428571428571
1901,20,1921,95.05
1963,12,1975,163.58333333333334
2047,9,2056,227.44444444444446
1919,5,1924,383.8
2021,15,2036,134.73333333333332
1928,17,1945,113.41176470588235
1994,16,2010,124.625
2011,17,2028,118.29411764705883
1962,44,2006,44.59090909090909
2039,14,2053,145.64285714285714
1906,19,1925,100.3157894736842
2032,17,2049,119.52941176470588
2029,32,2061,63.40625
1928,32,1960,60.25
1910,7,1917,272.85714285714283
2045,27,2072,75.74074074074075
1991,39,2030,51.05128205128205
1910,21,1931,90.95238095238095
1993,31,2024,64.29032258064517
1946,11,1957,176.9090909090909
1987,23,2010,86.3913043478261
1968,37,2005,53.189189189189186
2024,15,2039,134.93333333333334
1997,37,2034,53.972972972972975
2007,29,2036,69.20689655172414
1900,33,1933,57.57575757575758
1960,16,1976,122.5
2022,32,2054,63.1875
1988,20,2008,99.4
1941,27,1968,71.88888888888889
1911,15,1926,127.4
2022,35,2057,57.77142857142857
2034,30,2064,67.8
1942,30,1972,64.73333333333333
1998,33,2031,60.54545454545455
1973,27,2000,73.07407407407408
2048,43,2091,47.627906976744185
2023,32,2055,63.21875
1954,11,1965,177.63636363636363
1906,20,1926,95.3
2016,34,2050,59.294117647058826
1944,13,1957,149.53846153846155
2013,11,2024,183.0
1980,21,2001,94.28571428571429
2048,17,2065,120.47058823529412
1983,15,1998,132.2
2010,43,2053,46.74418604651163
2045,21,2066,97.38095238095238
1936,39,1975,49.64102564102564
2031,16,2047,126.9375
2009,23,2032,87.34782608695652
2000,31,2031,64.51612903225806
1960,24,1984,81.66666666666667
1994,12,2006,166.16666666666666
1997,33,2030,60.515151515151516
1975,25,2000,79.0
1961,23,1984,85.26086956521739
1954,38,1992,51.421052631578945
1965,33,1998,59.54545454545455
1961,8,1969,245.125
2037,25,2062,81.48
1995,21,2016,95.0
2016,34,2050,59.294117647058826
1960,55,2015,35.63636363636363
1986,26,2012,76.38461538461539
1937,34,1971,56.970588235294116
1982,22,2004,90.0909090909091
1962,41,2003,47.853658536585364
1731,47,1778,36.829787234042556
1965,14,1979,140.35714285714286
2040,22,2062,92.72727272727273
1944,24,1968,81.0
2037,19,2056,107.21052631578948
1929,40,1969,48.225
2014,15,2029,134.26666666666668
2022,18,2040,112.33333333333333
1952,37,1989,52.75675675675676
1946,18,1964,108.11111111111111
1991,23,2014,86.56521739130434
1963,15,1978,130.86666666666667
1922,18,1940,106.77777777777777
2038,24,2062,84.91666666666667
2027,17,2044,119.23529411764706
1953,13,1966,150.23076923076923
1975,28,2003,70.53571428571429
1999,26,2025,76.88461538461539
1969,29,1998,67.89655172413794
2031,17,2048,119.47058823529412
1951,14,1965,139.35714285714286
1990,17,2007,117.05882352941177
2004,43,2047,46.604651162790695
1980,11,1991,180.0
1905,20,1925,95.25
1911,28,1939,68.25
1949,24,1973,81.20833333333333
1950,34,1984,57.35294117647059
1941,10,1951,194.1
2042,43,2085,47.48837209302326
2017,37,2054,54.513513513513516
1920,22,1942,87.27272727272727
1964,27,1991,72.74074074074075
2028,26,2054,78.0
1973,15,1988,131.53333333333333
2024,20,2044,101.2
2007,26,2033,77.1923076923077
1980,18,1998,110.0
1998,20,2018,99.9
1913,24,1937,79.70833333333333
1929,29,1958,66.51724137931035
1915,25,1940,76.6
1985,11,1996,180.45454545454547
1940,48,1988,40.416666666666664
1968,35,2003,56.22857142857143
2043,32,2075,63.84375
2012,15,2027,134.13333333333333
1979,12,1991,164.91666666666666
2040,25,2065,81.6
2006,17,2023,118.0
2023,21,2044,96.33333333333333
1995,36,2031,55.416666666666664
1956,55,2011,35.56363636363636
1922,27,1949,71.18518518518519
1920,12,1932,160.0
1923,14,1937,137.35714285714286
2029,17,2046,119.3529411764706
1904,44,1948,43.27272727272727
2031,34,2065,59.73529411764706
1984,28,2012,70.85714285714286
1924,24,1948,80.16666666666667
2044,27,2071,75.70370370370371
1960,26,1986,75.38461538461539
1905,50,1955,38.1
1910,34,1944,56.1764705882353
1924,17,1941,113.17647058823529
1979,30,2009,65.96666666666667
1923,12,1935,160.25
2000,13,2013,153.84615384615384
1932,30,1962,64.4
2047,35,2082,58.48571428571429
2035,25,2060,81.4
1950,18,1968,108.33333333333333
1971,30,2001,65.7
1975,42,2017,47.023809523809526
1940,24,1964,80.83333333333333
1947,18,1965,108.16666666666667
1957,22,1979,88.95454545454545
1935,22,1957,87.95454545454545
1933,8,1941,241.625
1893,44,1937,43.02272727272727
1966,40,2006,49.15
2026,22,2048,92.0909090909091
1977,22,1999,89.86363636363636
1937,29,1966,66.79310344827586
1969,28,1997,70.32142857142857
1952,17,1969,114.82352941176471
1920,26,1946,73.84615384615384
1934,19,1953,101.78947368421052
2004,22,2026,91.0909090909091
1946,14,1960,139.0
1950,22,1972,88.63636363636364
1904,12,1916,158.66666666666666
1989,42,2031,47.357142857142854
2037,32,2069,63.65625
2022,38,2060,53.21052631578947
1932,18,1950,107.33333333333333
1969,19,1988,103.63157894736842
1920,22,1942,87.27272727272727
1971,17,1988,115.94117647058823
1956,15,1971,130.4
1901,27,1928,70.4074074074074
1936,24,1960,80.66666666666667
1953,16,1969,122.0625
2047,27,2074,75.81481481481481
1900,23,1923,82.6086956521739
2007,29,2036,69.20689655172414
1932,24,1956,80.5
1937,16,1953,121.0625
2024,11,2035,184.0
2037,20,2057,101.85
1910,8,1918,238.75
2028,21,2049,96.57142857142857
1981,12,1993,165.08333333333334
1956,46,2002,42.52173913043478
1944,21,1965,92.57142857142857
2016,8,2024,252.0
1981,41,2022,48.31707317073171
2013,51,2064,39.470588235294116
1959,12,1971,163.25
1970,38,2008,51.8421052631579
1948,6,1954,324.6666666666667
1925,28,1953,68.75
1989,24,2013,82.875
2025,16,2041,126.5625
1969,32,2001,61.53125
1990,34,2024,58.529411764705884
2037,27,2064,75.44444444444444
1972,43,2015,45.86046511627907
1955,21,1976,93.0952380952381
1973,29,2002,68.03448275862068
2041,35,2076,58.31428571428572
2000,23,2023,86.95652173913044
1916,22,1938,87.0909090909091
1944,29,1973,67.03448275862068
1996,20,2016,99.8
1929,41,1970,47.048780487804876
1924,10,1934,192.4
2032,30,2062,67.73333333333333
1935,20,1955,96.75
2017,7,2024,288.14285714285717
1936,23,1959,84.17391304347827
2008,26,2034,77.23076923076923
1966,33,1999,59.57575757575758
2037,10,2047,203.7
1949,26,1975,74.96153846153847
1945,10,1955,194.5
1917,23,1940,83.34782608695652
1967,26,1993,75.65384615384616
2012,12,2024,167.66666666666666
1983,40,2023,49.575
1996,23,2019,86.78260869565217
2031,29,2060,70.03448275862068
1913,15,1928,127.53333333333333
1988,32,2020,62.125
1999,12,2011,166.58333333333334
1998,19,2017,105.15789473684211
2040,16,2056,127.5
1932,24,1956,80.5
2038,41,2079,49.707317073170735
2045,8,2053,255.625
1938,22,1960,88.0909090909091
1908,20,1928,95.4
1978,28,2006,70.64285714285714
2013,33,2046,61.0
2032,13,2045,156.30769230769232
2047,66,2113,31.015151515151516
2006,21,2027,95.52380952380952
1953,46,1999,42.45652173913044
2019,25,2044,80.76
1952,15,1967,130.13333333333333
2000,18,2018,111.11111111111111
1922,26,1948,73.92307692307692
1924,33,1957,58.303030303030305
2037,13,2050,156.69230769230768
2002,34,2036,58.88235294117647
1931,27,1958,71.51851851851852
2029,29,2058,69.96551724137932
2019,18,2037,112.16666666666667
1942,32,1974,60.6875
1908,21,1929,90.85714285714286
1951,36,1987,54.19444444444444
1959,27,1986,72.55555555555556
1961,18,1979,108.94444444444444
1924,17,1941,113.17647058823529
1996,16,2012,124.75
2004,17,2021,117.88235294117646
1917,16,1933,119.8125
2040,14,2054,145.71428571428572
1954,22,1976,88.81818181818181
2034,40,2074,50.85
1950,28,1978,69.64285714285714
1955,13,1968,150.3846153846154
2025,52,2077,38.94230769230769
1923,19,1942,101.21052631578948
1949,8,1957,243.625
1925,30,1955,64.16666666666667
2031,33,2064,61.54545454545455
1933,20,1953,96.65
1949,22,1971,88.5909090909091
2040,11,2051,185.45454545454547
2047,14,2061,146.21428571428572
2033,22,2055,92.4090909090909
2010,41,2051,49.02439024390244
2001,36,2037,55.583333333333336
1967,40,2007,49.175
2020,16,2036,126.25
1907,20,1927,95.35
1989,38,2027,52.3421052631579
1988,32,2020,62.125
1952,31,1983,62.96774193548387
1908,20,1928,95.4
1950,16,1966,121.875
2012,19,2031,105.89473684210526
1955,43,1998,45.46511627906977
2032,22,2054,92.36363636363636
1954,25,1979,78.16
1901,16,1917,118.8125
1936,16,1952,121.0
1960,42,2002,46.666666666666664
2016,25,2041,80.64
2020,22,2042,91.81818181818181
1923,18,1941,106.83333333333333
1970,28,1998,70.35714285714286
1974,20,1994,98.7
2000,12,2012,166.66666666666666
1984,12,1996,165.33333333333334
1976,23,1999,85.91304347826087
1922,19,1941,101.15789473684211
1931,12,1943,160.91666666666666
2027,23,2050,88.1304347826087
1994,29,2023,68.75862068965517
1922,43,1965,44.69767441860465
1958,18,1976,108.77777777777777
1934,24,1958,80.58333333333333
2004,39,2043,51.38461538461539
1961,17,1978,115.3529411764706
1904,13,1917,146.46153846153845
2024,24,2048,84.33333333333333
1972,39,2011,50.56410256410256
1936,37,1973,52.32432432432432
2032,28,2060,72.57142857142857
1994,22,2016,90.63636363636364
1937,50,1987,38.74
1929,24,1953,80.375
2030,42,2072,48.333333333333336
1982,11,1993,180.1818181818182
1981,22,2003,90.04545454545455
1919,34,1953,56.44117647058823
1992,24,2016,83.0
1949,12,1961,162.41666666666666
1951,17,1968,114.76470588235294
1975,27,2002,73.14814814814815
2033,11,2044,184.8181818181818
2008,28,2036,71.71428571428571
1996,31,2027,64.38709677419355
2001,23,2024,87.0
1909,25,1934,76.36
1936,15,1951,129.06666666666666
2012,25,2037,80.48
1919,15,1934,127.93333333333334
1973,31,2004,63.645161290322584
1939,10,1949,193.9
2034,25,2059,81.36
1948,23,1971,84.69565217391305
2025,14,2039,144.64285714285714
1989,24,2013,82.875
1939,14,1953,138.5
1938,15,1953,129.2
2046,12,2058,170.5
2009,29,2038,69.27586206896552
1967,26,1993,75.65384615384616
1954,26,1980,75.15384615384616
1929,20,1949,96.45
1940,17,1957,114.11764705882354
1935,13,1948,148.84615384615384
2013,23,2036,87.52173913043478
2037,16,2053,127.3125
2008,20,2028,100.4
1945,13,1958,149.6153846153846
1909,14,1923,136.35714285714286
1976,21,1997,94.0952380952381
2020,21,2041,96.19047619047619
2046,11,2057,186.0
1921,9,1930,213.44444444444446
1993,31,2024,64.29032258064517
1925,39,1964,49.35897435897436
1925,31,1956,62.096774193548384
2026,32,2058,63.3125
1962,24,1986,81.75
2033,21,2054,96.80952380952381
1910,26,1936,73.46153846153847
1907,14,1921,136.21428571428572
1922,7,1929,274.57142857142856
2019,44,2063,45.88636363636363
1966,19,1985,103.47368421052632
1965,16,1981,122.8125
2043,53,2096,38.54716981132076
1996,15,2011,133.06666666666666
1941,28,1969,69.32142857142857
1960,22,1982,89.0909090909091
1931,17,1948,113.58823529411765
2048,36,2084,56.888888888888886
2032,22,2054,92.36363636363636
1940,18,1958,107.77777777777777
2027,48,2075,42.229166666666664
1962,40,2002,49.05
1903,25,1928,76.12
1957,62,2019,31.56451612903226
1936,15,1951,129.06666666666666
1936,23,1959,84.17391304347827
1939,22,1961,88.13636363636364
1945,24,1969,81.04166666666667
1917,17,1934,112.76470588235294
1927,14,1941,137.64285714285714
1971,26,1997,75.8076923076923
1924,16,1940,120.25
1969,28,1997,70.32142857142857
2019,10,2029,201.9
2047,23,2070,89.0
1966,20,1986,98.3
2048,29,2077,70.62068965517241
2007,15,2022,133.8
1910,24,1934,79.58333333333333
1919,25,1944,76.76
1936,36,1972,53.77777777777778
2015,24,2039,83.95833333333333
1915,14,1929,136.78571428571428
1988,9,1997,220.88888888888889
1985,18,2003,110.27777777777777
1965,16,1981,122.8125
2004,20,2024,100.2
1999,36,2035,55.52777777777778
1905,16,1921,119.0625
1975,13,1988,151.92307692307693
1961,12,1973,163.41666666666666
1954,23,1977,84.95652173913044
1922,30,1952,64.06666666666666
1936,21,1957,92.19047619047619
1963,15,1978,130.86666666666667
2033,34,2067,59.794117647058826
1954,29,1983,67.37931034482759
2015,21,2036,95.95238095238095
1981,25,2006,79.24
1902,13,1915,146.30769230769232
1964,14,1978,140.28571428571428
2007,16,2023,125.4375
2048,24,2072,85.33333333333333
2032,19,2051,106.94736842105263
2040,22,2062,92.72727272727273
1933,20,1953,96.65
1984,23,2007,86.26086956521739
2045,19,2064,107.63157894736842
2036,13,2049,156.6153846153846
1999,32,2031,62.46875
1951,19,1970,102.6842105263158
1976,16,1992,123.5
1924,16,1940,120.25
2013,38,2051,52.973684210526315
1969,28,1997,70.32142857142857
1960,28,1988,70.0
1967,26,1993,75.65384615384616
1978,14,1992,141.28571428571428
1921,22,1943,87.31818181818181
1994,18,2012,110.77777777777777
1937,32,1969,60.53125
2015,23,2038,87.6086956521739
1906,35,1941,54.457142857142856
1998,27,2025,74.0
2014,22,2036,91.54545454545455
1913,25,1938,76.52
1973,15,1988,131.53333333333333
2030,21,2051,96.66666666666667
2008,17,2025,118.11764705882354
2019,32,2051,63.09375
2045,34,2079,60.14705882352941
2032,19,2051,106.94736842105263
1949,17,1966,114.6470588235294
1941,44,1985,44.11363636363637
1901,18,1919,105.61111111111111
1968,12,1980,164.0
1927,36,1963,53.52777777777778
1998,27,2025,74.0
1965,17,1982,115.58823529411765
1950,39,1989,50.0
2024,47,2071,43.06382978723404
2020,17,2037,118.82352941176471
1967,32,1999,61.46875
2031,31,2062,65.51612903225806
2003,14,2017,143.07142857142858
1933,16,1949,120.8125
2027,45,2072,45.044444444444444
1968,23,1991,85.56521739130434
1944,12,1956,162.0
1903,38,1941,50.078947368421055
1953,18,1971,108.5
1986,26,2012,76.38461538461539
1966,16,1982,122.875
1927,58,1985,33.224137931034484
1907,37,1944,51.54054054054054
2011,30,2041,67.03333333333333
1979,24,2003,82.45833333333333
1982,26,2008,76.23076923076923
1949,23,1972,84.73913043478261
1984,32,2016,62.0
2005,10,2015,200.5
1932,35,1967,55.2
1931,40,1971,48.275
1963,19,1982,103.3157894736842
1991,18,2009,110.61111111111111
2020,24,2044,84.16666666666667
2013,48,2061,41.9375
1944,38,1982,51.1578947368421
1990,18,2008,110.55555555555556
2009,11,2020,182.63636363636363
2011,39,2050,51.56410256410256
2004,17,2021,117.88235294117646
1993,32,2025,62.28125
1927,26,1953,74.11538461538461
1922,30,1952,64.06666666666666
2042,15,2057,136.13333333333333
2015,28,2043,71.96428571428571
1933,51,1984,37.90196078431372
1924,28,1952,68.71428571428571
1903,38,1941,50.078947368421055
2034,28,2062,72.64285714285714
1998,14,2012,142.71428571428572
2022,16,2038,126.375
1960,23,1983,85.21739130434783
2000,19,2019,105.26315789473684
1924,14,1938,137.42857142857142
2007,56,2063,35.839285714285715
1914,25,1939,76.56
1975,20,1995,98.75
1943,26,1969,74.73076923076923
1977,15,1992,131.8
1470,4,1474,367.5
2034,2,2036,1017.0
1931,4,1935,482.75
1543,2,1545,771.5
1986,2,1988,993.0
1629,2,1631,814.5
1936,4,1940,484.0
1103,4,1107,275.75
1923,4,1927,480.75
1798,4,1802,449.5
1986,2,1988,993.0
2015,4,2019,503.75
1950,3,1953,650.0
1439,5,1444,287.8
1995,2,1997,997.5
1757,3,1760,585.6666666666666
2018,4,2022,504.5
1966,2,1968,983.0
1427,2,1429,713.5
1943,6,1949,323.8333333333333
2015,3,2018,671.6666666666666
2002,2,2004,1001.0
1903,4,1907,475.75
1058,3,1061,352.6666666666667
1901,4,1905,475.25
1927,4,1931,481.75
1984,2,1986,992.0
1550,6,1556,258.3333333333333
1979,4,1983,494.75
2039,7,2046,291.2857142857143
1929,4,1933,482.25
2028,2,2030,1014.0
1977,7,1984,282.42857142857144
1923,3,1926,641.0
1926,4,1930,481.5
2039,3,2042,679.6666666666666
1973,2,1975,986.5
1353,4,1357,338.25
1962,5,1967,392.4
1928,4,1932,482.0
1517,4,1521,379.25
1797,4,1801,449.25
1942,2,1944,971.0
1942,3,1945,647.3333333333334
2019,4,2023,504.75
1966,4,1970,491.5
1443,2,1445,721.5
2012,4,2016,503.0
1020,3,1023,340.0
1906,4,1910,476.5
2043,2,2045,1021.5
1996,4,2000,499.0
1904,4,1908,476.0
1931,2,1933,965.5
1925,4,1929,481.25
1979,3,1982,659.6666666666666
1921,5,1926,384.2
1452,3,1455,484.0
1953,5,1958,390.6
1965,5,1970,393.0
1111,7,1118,158.71428571428572
1958,4,1962,489.5
1667,3,1670,555.6666666666666
1692,3,1695,564.0
2043,2,2045,1021.5
1994,5,1999,398.8
1947,4,1951,486.75
2008,3,2011,669.3333333333334
1902,3,1905,634.0
1193,5,1198,238.6
1959,4,1963,489.75
1972,7,1979,281.7142857142857
1988,4,1992,497.0
2031,4,2035,507.75
1980,2,1982,990.0
2021,4,2025,505.25
2019,2,2021,1009.5
1899,3,1902,633.0
1988,4,1992,497.0
1969,3,1972,656.3333333333334
1941,4,1945,485.25
1947,4,1951,486.75
1956,2,1958,978.0
1385,2,1387,692.5
1982,3,1985,660.6666666666666
1905,4,1909,476.25
1995,4,1999,498.75
2021,4,2025,505.25
1707,4,1711,426.75
1752,4,1756,438.0
1905,3,1908,635.0
1926,4,1930,481.5
2017,2,2019,1008.5
1542,2,1544,771.0
1946,6,1952,324.3333333333333
1950,4,1954,487.5
1999,2,2001,999.5
1984,5,1989,396.8
2041,4,2045,510.25
1934,3,1937,644.6666666666666
1908,4,1912,477.0
2025,3,2028,675.0
2005,2,2007,1002.5
2019,4,2023,504.75
2012,4,2016,503.0
1994,2,1996,997.0
1903,4,1907,475.75
1950,2,1952,975.0
2045,2,2047,1022.5
1952,5,1957,390.4
1917,2,1919,958.5
2025,5,2030,405.0
1933,2,1935,966.5
1922,2,1924,961.0
2032,4,2036,508.0
2041,3,2044,680.3333333333334
2003,4,2007,500.75
1971,2,1973,985.5
1953,4,1957,488.25
1920,2,1922,960.0
2009,2,2011,1004.5
1905,4,1909,476.25
2039,4,2043,509.75
2022,2,2024,1011.0
1987,3,1990,662.3333333333334
1900,2,1902,950.0
1950,3,1953,650.0
1975,2,1977,987.5
2007,2,2009,1003.5
2014,4,2018,503.5
2031,4,2035,507.75
1972,4,1976,493.0
1916,2,1918,958.0
1909,2,1911,954.5
1922,6,1928,320.3333333333333
1988,2,1990,994.0
1997,3,2000,665.6666666666666
2005,3,2008,668.3333333333334
1997,4,2001,499.25
1959,4,1963,489.75
1972,5,1977,394.4
2024,4,2028,506.0
2002,2,2004,1001.0
2041,4,2045,510.25
1900,7,1907,271.42857142857144
2011,5,2016,402.2
1973,2,1975,986.5
2024,3,2027,674.6666666666666
1939,4,1943,484.75
2002,2,2004,1001.0
2010,3,2013,670.0
2001,2,2003,1000.5
1977,4,1981,494.25
2020,2,2022,1010.0
2040,3,2043,680.0
1994,2,1996,997.0
1977,3,1980,659.0
2007,4,2011,501.75
1943,2,1945,971.5
1988,3,1991,662.6666666666666
1909,2,1911,954.5
2008,4,2012,502.0
2012,2,2014,1006.0
2012,3,2015,670.6666666666666
1979,4,1983,494.75
1916,3,1919,638.6666666666666
1958,4,1962,489.5
1984,4,1988,496.0
1959,2,1961,979.5
1996,4,2000,499.0
1906,3,1909,635.3333333333334
1986,4,1990,496.5
1939,3,1942,646.3333333333334
1946,2,1948,973.0
2027,2,2029,1013.5
1917,2,1919,958.5
1925,2,1927,962.5
1945,2,1947,972.5
1908,2,1910,954.0
1958,4,1962,489.5
1945,2,1947,972.5
1902,4,1906,475.5
2033,2,2035,1016.5
2011,4,2015,502.75
2010,4,2014,502.5
1945,2,1947,972.5
1974,2,1976,987.0
2001,2,2003,1000.5
2012,2,2014,1006.0
1979,4,1983,494.75
2036,2,2038,1018.0
1909,2,1911,954.5
1940,5,1945,388.0
2022,2,2024,1011.0
1940,4,1944,485.0
1927,2,1929,963.5
1929,2,1931,964.5
2021,4,2025,505.25
1972,2,1974,986.0
1978,2,1980,989.0
1977,6,1983,329.5
2000,3,2003,666.6666666666666
1908,2,1910,954.0
1968,2,1970,984.0
1984,4,1988,496.0
2018,4,2022,504.5
1917,4,1921,479.25
1915,3,1918,638.3333333333334
1975,5,1980,395.0
1956,2,1958,978.0
2016,4,2020,504.0
1979,4,1983,494.75
2040,2,2042,1020.0
1952,2,1954,976.0
1996,2,1998,998.0
1917,4,1921,479.25
2008,2,2010,1004.0
1910,6,1916,318.3333333333333
1910,4,1914,477.5
1923,2,1925,961.5
1994,4,1998,498.5
1901,5,1906,380.2
1975,2,1977,987.5
1979,2,1981,989.5
1914,2,1916,957.0
1900,2,1902,950.0
1908,2,1910,954.0
1911,4,1915,477.75
1939,4,1943,484.75
1943,2,1945,971.5
2020,4,2024,505.0
1920,2,1922,960.0
1935,2,1937,967.5
1905,4,1909,476.25
2043,3,2046,681.0
1934,2,1936,967.0
1926,4,1930,481.5
1919,2,1921,959.5
1916,4,1920,479.0
1929,6,1935,321.5
1951,5,1956,390.2
1925,2,1927,962.5
2024,3,2027,674.6666666666666
2010,4,2014,502.5
1920,3,1923,640.0
1929,3,1932,643.0
2021,4,2025,505.25
2014,4,2018,503.5
2028,2,2030,1014.0
1943,4,1947,485.75
2038,4,2042,509.5
1926,4,1930,481.5
1935,2,1937,967.5
1995,2,1997,997.5
2008,2,2010,1004.0
2030,3,2033,676.6666666666666
1933,3,1936,644.3333333333334
1920,4,1924,480.0
2029,4,2033,507.25
1908,2,1910,954.0
2041,3,2044,680.3333333333334
1963,2,1965,981.5
1924,4,1928,481.0
1996,4,2000,499.0
1995,4,1999,498.75
2035,3,2038,678.3333333333334
1982,2,1984,991.0
2043,4,2047,510.75
2046,2,2048,1023.0
2039,2,2041,1019.5
2000,2,2002,1000.0
1978,2,1980,989.0
1961,7,1968,280.14285714285717
2044,4,2048,511.0
1923,4,1927,480.75
1939,2,1941,969.5
2003,4,2007,500.75
1993,3,1996,664.3333333333334
1972,3,1975,657.3333333333334
1990,2,1992,995.0
2029,3,2032,676.3333333333334
1995,3,1998,665.0
1905,5,1910,381.0
1902,2,1904,951.0
1900,4,1904,475.0
1936,4,1940,484.0
1965,2,1967,982.5
1953,2,1955,976.5
1935,3,1938,645.0
1947,4,1951,486.75
1929,2,1931,964.5
2025,5,2030,405.0
2023,4,2027,505.75
1932,4,1936,483.0
1970,2,1972,985.0
1966,2,1968,983.0
1935,3,1938,645.0
1910,2,1912,955.0
1944,2,1946,972.0
1989,2,1991,994.5
1982,8,1990,247.75
1951,8,1959,243.875
1924,8,1932,240.5
2028,8,2036,253.5
2026,8,2034,253.25
1937,8,1945,242.125
1964,8,1972,245.5
1982,8,1990,247.75
1948,8,1956,243.5
1929,8,1937,241.125
1962,8,1970,245.25
1990,8,1998,248.75
2002,8,2010,250.25
1926,8,1934,240.75
1970,8,1978,246.25
1999,8,2007,249.875
2042,8,2050,255.25
1991,8,1999,248.875
1908,8,1916,238.5
1984,8,1992,248.0
1959,8,1967,244.875
2000,8,2008,250.0
1908,8,1916,238.5
2007,8,2015,250.875
2037,8,2045,254.625
1969,8,1977,246.125
1940,8,1948,242.5
1967,8,1975,245.875
1911,8,1919,238.875
1968,8,1976,246.0
1920,8,1928,240.0
1985,8,1993,248.125
2006,8,2014,250.75
1901,8,1909,237.625
1968,8,1976,246.0
1958,8,1966,244.75
1945,8,1953,243.125
1964,8,1972,245.5
1994,8,2002,249.25
2034,8,2042,254.25
1929,8,1937,241.125
1943,8,1951,242.875
2027,8,2035,253.375
1951,8,1959,243.875
2045,8,2053,255.625
1918,8,1926,239.75
2004,8,2012,250.5
1973,8,1981,246.625
1910,8,1918,238.75
1966,8,1974,245.75
1901,8,1909,237.625
1907,8,1915,238.375
1940,8,1948,242.5
1984,8,1992,248.0
1944,8,1952,243.0
2003,8,2011,250.375
1959,8,1967,244.875
2040,8,2048,255.0
1950,8,1958,243.75
1908,8,1916,238.5
2039,8,2047,254.875
1948,8,1956,243.5
2016,8,2024,252.0
2039,8,2047,254.875
2015,8,2023,251.875
1985,8,1993,248.125
1988,8,1996,248.5
1993,8,2001,249.125
1929,8,1937,241.125
1904,8,1912,238.0
2007,8,2015,250.875
1993,8,2001,249.125
1947,8,1955,243.375
2022,8,2030,252.75
1958,8,1966,244.75
1998,8,2006,249.75
1903,8,1911,237.875
1948,8,1956,243.5
2026,8,2034,253.25
2005,8,2013,250.625
2000,8,2008,250.0
1941,8,1949,242.625
1939,8,1947,242.375
2009,8,2017,251.125
1997,8,2005,249.625
2013,8,2021,251.625
1954,8,1962,244.25
1964,8,1972,245.5
1916,8,1924,239.5
1940,8,1948,242.5
2045,8,2053,255.625
1900,8,1908,237.5
1977,8,1985,247.125
1947,8,1955,243.375
1925,8,1933,240.625
1939,8,1947,242.375
1964,8,1972,245.5
1945,8,1953,243.125
2001,8,2009,250.125
1965,8,1973,245.625
2033,8,2041,254.125
2007,8,2015,250.875
1982,8,1990,247.75
2037,8,2045,254.625
2008,8,2016,251.0
2025,8,2033,253.125
2018,8,2026,252.25
1930,8,1938,241.25
1964,8,1972,245.5
1980,8,1988,247.5
1965,8,1973,245.625
1964,8,1972,245.5
1972,8,1980,246.5
1996,8,2004,249.5
2031,8,2039,253.875
1905,8,1913,238.125
2027,8,2035,253.375
2031,8,2039,253.875
2028,8,2036,253.5
1951,8,1959,243.875
2008,8,2016,251.0
1969,8,1977,246.125
2004,8,2012,250.5
1909,8,1917,238.625
1905,8,1913,238.125
2006,8,2014,250.75
2042,8,2050,255.25
1921,8,1929,240.125
1971,8,1979,246.375
1906,8,1914,238.25
1907,8,1915,238.375
2026,8,2034,253.25
1999,8,2007,249.875
2036,8,2044,254.5
1989,8,1997,248.625
2040,8,2048,255.0
2020,8,2028,252.5
2034,8,2042,254.25
2013,8,2021,251.625
2042,8,2050,255.25
2021,8,2029,252.625
2048,8,2056,256.0
1947,8,1955,243.375
1906,8,1914,238.25
1991,8,1999,248.875
1953,8,1961,244.125
1978,8,1986,247.25
2010,8,2018,251.25
1917,8,1925,239.625
1956,8,1964,244.5
1924,8,1932,240.5
1942,8,1950,242.75
2016,8,2024,252.0
1932,8,1940,241.5
2027,8,2035,253.375
1980,8,1988,247.5
2012,8,2020,251.5
1939,8,1947,242.375
2025,8,2033,253.125
1964,8,1972,245.5
2025,8,2033,253.125
1987,8,1995,248.375
2034,8,2042,254.25
1957,8,1965,244.625
1911,8,1919,238.875
1992,8,2000,249.0
2030,8,2038,253.75
1967,8,1975,245.875
2000,8,2008,250.0
2036,8,2044,254.5
1924,8,1932,240.5
1978,8,1986,247.25
1933,8,1941,241.625
2029,8,2037,253.625
1935,8,1943,241.875
1937,8,1945,242.125
1916,8,1924,239.5
1987,8,1995,248.375
1949,8,1957,243.625
1911,8,1919,238.875
1906,8,1914,238.25
2025,8,2033,253.125
2020,8,2028,252.5
1919,8,1927,239.875
2046,8,2054,255.75
2034,8,2042,254.25
1912,8,1920,239.0
1935,8,1943,241.875
2019,8,2027,252.375
2044,8,2052,255.5
1934,8,1942,241.75
2044,8,2052,255.5
1966,8,1974,245.75
1920,8,1928,240.0
1977,8,1985,247.125
1991,8,1999,248.875
1933,8,1941,241.625
2019,8,2027,252.375
1994,8,2002,249.25
1910,8,1918,238.75
1984,6,1990,330.6666666666667
1926,7,1933,275.14285714285717
1925,2,1927,962.5
1928,4,1932,482.0
1978,7,1985,282.57142857142856
1978,3,1981,659.3333333333334
2048,4,2052,512.0
1993,6,1999,332.1666666666667
1946,5,1951,389.2
1901,3,1904,633.6666666666666
2021,6,2027,336.8333333333333
2003,4,2007,500.75
2003,8,2011,250.375
1954,4,1958,488.5
1923,9,1932,213.66666666666666
2006,4,2010,501.5
1968,4,1972,492.0
2024,6,2030,337.3333333333333
2010,7,2017,287.14285714285717
2026,5,2031,405.2
1996,9,2005,221.77777777777777
1937,7,1944,276.7142857142857
2009,6,2015,334.8333333333333
1952,3,1955,650.6666666666666
2008,5,2013,401.6
1949,9,1958,216.55555555555554
1968,4,1972,492.0
1918,3,1921,639.3333333333334
1935,4,1939,483.75
2019,4,2023,504.75
1982,4,1986,495.5
1992,3,1995,664.0
1974,7,1981,282.0
2015,4,2019,503.75
1987,3,1990,662.3333333333334
1962,4,1966,490.5
1349,10,1359,134.9
2018,5,2023,403.6
1932,3,1935,644.0
1987,4,1991,496.75
1956,5,1961,391.2
2027,5,2032,405.4
1939,4,1943,484.75
1924,2,1926,962.0
2037,19,2056,107.21052631578948
2013,5,2018,402.6
1981,5,1986,396.2
1944,5,1949,388.8
1922,5,1927,384.4
1980,5,1985,396.0
1941,5,1946,388.2
1969,6,1975,328.1666666666667
1991,7,1998,284.42857142857144
1929,4,1933,482.25
1586,3,1589,528.6666666666666
1996,3,1999,665.3333333333334
1982,3,1985,660.6666666666666
1983,6,1989,330.5
1979,8,1987,247.375
1985,9,1994,220.55555555555554
1900,6,1906,316.6666666666667
1948,3,1951,649.3333333333334
1977,4,1981,494.25
1947,2,1949,973.5
1943,4,1947,485.75
1539,3,1542,513.0
1940,6,1946,323.3333333333333
2021,3,2024,673.6666666666666
1961,5,1966,392.2
1920,7,1927,274.2857142857143
2034,9,2043,226.0
1667,5,1672,333.4
1927,4,1931,481.75
1913,5,1918,382.6
1996,7,2003,285.14285714285717
1922,5,1927,384.4
2000,4,2004,500.0
2018,2,2020,1009.0
2024,8,2032,253.0
1936,2,1938,968.0
1936,3,1939,645.3333333333334
1914,7,1921,273.42857142857144
1928,5,1933,385.6
1938,7,1945,276.85714285714283
1930,5,1935,386.0
2003,5,2008,400.6
1924,4,1928,481.0
1972,6,1978,328.6666666666667
1920,3,1923,640.0
2047,3,2050,682.3333333333334
2048,5,2053,409.6
1925,6,1931,320.8333333333333
1955,8,1963,244.375
1977,3,1980,659.0
2003,4,2007,500.75
1944,5,1949,388.8
2035,7,2042,290.7142857142857
2015,10,2025,201.5
1968,5,1973,393.6
1986,3,1989,662.0
1944,6,1950,324.0
2003,3,2006,667.6666666666666
1966,3,1969,655.3333333333334
1945,6,1951,324.1666666666667
1941,4,1945,485.25
1921,6,1927,320.1666666666667
1954,8,1962,244.25
2033,5,2038,406.6
1991,5,1996,398.2
2016,8,2024,252.0
1923,9,1932,213.66666666666666
1984,6,1990,330.6666666666667
2032,9,2041,225.77777777777777
2008,3,2011,669.3333333333334
1977,4,1981,494.25
2017,7,2024,288.14285714285717
1914,3,1917,638.0
1935,22,1957,87.95454545454545
1989,3,1992,663.0
1673,9,1682,185.88888888888889
2027,5,2032,405.4
1957,5,1962,391.4
1959,6,1965,326.5
1916,8,1924,239.5
1932,3,1935,644.0
2012,9,2021,223.55555555555554
2011,5,2016,402.2
1925,7,1932,275.0
1992,5,1997,398.4
1957,5,1962,391.4
1930,6,1936,321.6666666666667
1982,10,1992,198.2
1934,5,1939,386.8
1951,6,1957,325.1666666666667
1960,5,1965,392.0
2040,12,2052,170.0
1980,4,1984,495.0
2027,7,2034,289.57142857142856
1987,6,1993,331.1666666666667
2023,4,2027,505.75
2029,4,2033,507.25
1969,4,1973,492.25
1975,4,1979,493.75
1904,9,1913,211.55555555555554
1946,4,1950,486.5
1969,5,1974,393.8
1950,5,1955,390.0
2028,8,2036,253.5
2040,5,2045,408.0
1928,5,1933,385.6
1979,3,1982,659.6666666666666
2012,8,2020,251.5
1944,4,1948,486.0
1928,3,1931,642.6666666666666
1912,4,1916,478.0
2016,10,2026,201.6
2035,8,2043,254.375
2035,3,2038,678.3333333333334
2043,4,2047,510.75
2044,4,2048,511.0
2039,8,2047,254.875
1996,8,2004,249.5
2007,6,2013,334.5
1981,4,1985,495.25
1474,4,1478,368.5
1958,5,1963,391.6
1984,7,1991,283.42857142857144
2026,8,2034,253.25
1937,3,1940,645.6666666666666
2033,4,2037,508.25
1906,8,1914,238.25
2023,4,2027,505.75
1935,4,1939,483.75
1900,2,1902,950.0
1921,4,1925,480.25
2043,3,2046,681.0
1904,5,1909,380.8
1935,9,1944,215.0
1928,4,1932,482.0
1914,3,1917,638.0
1982,9,1991,220.22222222222223
1979,9,1988,219.88888888888889
1949,5,1954,389.8
1916,4,1920,479.0
1912,7,1919,273.14285714285717
1958,4,1962,489.5
1945,3,1948,648.3333333333334
1992,4,1996,498.0
1998,5,2003,399.6
2035,3,2038,678.3333333333334
1994,4,1998,498.5
2007,3,2010,669.0
1953,4,1957,488.25
2000,4,2004,500.0
1910,8,1918,238.75
1957,5,1962,391.4
2045,4,2049,511.25
1901,3,1904,633.6666666666666
2014,4,2018,503.5
1902,7,1909,271.7142857142857
2006,20,2026,100.3
1939,23,1962,84.30434782608695
1951,31,1982,62.935483870967744
1916,19,1935,100.84210526315789
2048,19,2067,107.78947368421052
1933,18,1951,107.38888888888889
1981,36,2017,55.02777777777778
1971,27,1998,73.0
1975,23,1998,85.8695652173913
2015,17,2032,118.52941176470588
1987,22,2009,90.31818181818181
2034,23,2057,88.43478260869566
2005,18,2023,111.38888888888889
2025,15,2040,135.0
1984,11,1995,180.36363636363637
1968,16,1984,123.0
2032,39,2071,52.1025641025641
1977,12,1989,164.75
2013,23,2036,87.52173913043478
2036,12,2048,169.66666666666666
1985,17,2002,116.76470588235294
2002,27,2029,74.14814814814815
1985,18,2003,110.27777777777777
2003,13,2016,154.07692307692307
1971,20,1991,98.55
1903,22,1925,86.5
1954,12,1966,162.83333333333334
2019,26,2045,77.65384615384616
1976,28,2004,70.57142857142857
2003,17,2020,117.82352941176471
2009,29,2038,69.27586206896552
1933,23,1956,84.04347826086956
1945,24,1969,81.04166666666667
2022,20,2042,101.1
1948,20,1968,97.4
1943,34,1977,57.14705882352941
1949,14,1963,139.21428571428572
1919,17,1936,112.88235294117646
1969,28,1997,70.32142857142857
2028,14,2042,144.85714285714286
2029,19,2048,106.78947368421052
1941,18,1959,107.83333333333333
1947,20,1967,97.35
2024,44,2068,46.0
1931,27,1958,71.51851851851852
2023,10,2033,202.3
1963,25,1988,78.52
2011,17,2028,118.29411764705883
1947,32,1979,60.84375
1929,20,1949,96.45
1913,32,1945,59.78125
2032,14,2046,145.14285714285714
1909,19,1928,100.47368421052632
1923,26,1949,73.96153846153847
1924,23,1947,83.65217391304348
1935,25,1960,77.4
1937,20,1957,96.85
2044,9,2053,227.11111111111111
1953,10,1963,195.3
1991,30,2021,66.36666666666666
1993,13,2006,153.30769230769232
1925,24,1949,80.20833333333333
1924,27,1951,71.25925925925925
1996,25,2021,79.84
2025,26,2051,77.88461538461539
1932,28,1960,69.0
1985,16,2001,124.0625
2046,16,2062,127.875
2033,26,2059,78.1923076923077
1952,11,1963,177.45454545454547
1957,31,1988,63.12903225806452
2045,21,2066,97.38095238095238
2013,11,2024,183.0
1973,21,1994,93.95238095238095
1924,34,1958,56.588235294117645
1935,20,1955,96.75
2007,26,2033,77.1923076923077
1924,36,1960,53.44444444444444
1948,22,1970,88.54545454545455
1933,22,1955,87.86363636363636
1945,30,1975,64.83333333333333
1968,32,2000,61.5
1970,25,1995,78.8
1983,9,1992,220.33333333333334
1943,16,1959,121.4375
2014,32,2046,62.9375
1986,19,2005,104.52631578947368
2039,20,2059,101.95
1925,36,1961,53.47222222222222
1923,24,1947,80.125
2001,23,2024,87.0
1902,11,1913,172.9090909090909
1915,32,1947,59.84375
1948,31,1979,62.83870967741935
1987,18,2005,110.38888888888889
2011,24,2035,83.79166666666667
1815,20,1835,90.75
1984,21,2005,94.47619047619048
2009,25,2034,80.36
1931,22,1953,87.77272727272727
1984,19,2003,104.42105263157895
1916,11,1927,174.1818181818182
2023,40,2063,50.575
2026,25,2051,81.04
1976,22,1998,89.81818181818181
1962,22,1984,89.18181818181819
1998,23,2021,86.8695652173913
1915,33,1948,58.03030303030303
1988,14,2002,142.0
1984,20,2004,99.2
1943,19,1962,102.26315789473684
1922,30,1952,64.06666666666666
2043,13,2056,157.15384615384616
1970,23,1993,85.65217391304348
2017,44,2061,45.84090909090909
1698,12,1710,141.5
1940,13,1953,149.23076923076923
1936,27,1963,71.70370370370371
2042,16,2058,127.625
2045,29,2074,70.51724137931035
1986,22,2008,90.27272727272727
2016,18,2034,112.0
1917,15,1932,127.8
1999,35,2034,57.114285714285714
1969,12,1981,164.08333333333334
2019,19,2038,106.26315789473684
1972,31,2003,63.61290322580645
1907,30,1937,63.56666666666667
2003,14,2017,143.07142857142858
1906,15,1921,127.06666666666666
2016,32,2048,63.0
1928,15,1943,128.53333333333333
1933,30,1963,64.43333333333334
1976,28,2004,70.57142857142857
1984,19,2003,104.42105263157895
1976,17,1993,116.23529411764706
1939,11,1950,176.27272727272728
2025,25,2050,81.0
2013,15,2028,134.2
1901,45,1946,42.24444444444445
1923,30,1953,64.1
1939,20,1959,96.95
2006,32,2038,62.6875
1906,36,1942,52.94444444444444
1976,14,1990,141.14285714285714
1945,30,1975,64.83333333333333
2047,25,2072,81.88
1940,12,1952,161.66666666666666
1920,15,1935,128.0
2007,20,2027,100.35
2031,19,2050,106.89473684210526
2015,35,2050,57.57142857142857
2036,21,2057,96.95238095238095
1935,16,1951,120.9375
2007,17,2024,118.05882352941177
1986,5,1991,397.2
1933,23,1956,84.04347826086956
2043,25,2068,81.72
1992,11,2003,181.0909090909091
1943,13,1956,149.46153846153845
1921,27,1948,71.14814814814815
1923,12,1935,160.25
1962,29,1991,67.65517241379311
1928,14,1942,137.71428571428572
1951,29,1980,67.27586206896552
2022,33,2055,61.27272727272727
1949,20,1969,97.45
1907,10,1917,190.7
1996,31,2027,64.38709677419355
1984,17,2001,116.70588235294117
1967,30,1997,65.56666666666666
1990,24,2014,82.91666666666667
1964,14,1978,140.28571428571428
2013,13,2026,154.84615384615384
2032,16,2048,127.0
1909,35,1944,54.542857142857144
1979,15,1994,131.93333333333334
2014,29,2043,69.44827586206897
2010,21,2031,95.71428571428571
1957,33,1990,59.303030303030305
2021,23,2044,87.8695652173913
1903,33,1936,57.666666666666664
2033,35,2068,58.08571428571429
2001,12,2013,166.75
1986,39,2025,50.92307692307692
1954,15,1969,130.26666666666668
2044,23,2067,88.8695652173913
1989,29,2018,68.58620689655173
1975,19,1994,103.94736842105263
1941,21,1962,92.42857142857143
1945,27,1972,72.03703703703704
1971,14,1985,140.78571428571428
1951,38,1989,51.3421052631579
1930,25,1955,77.2
1990,26,2016,76.53846153846153
1996,22,2018,90.72727272727273
1939,25,1964,77.56
1977,15,1992,131.8
1965,23,1988,85.43478260869566
1942,16,1958,121.375
2003,37,2040,54.13513513513514
1907,20,1927,95.35
1919,16,1935,119.9375
1947,11,1958,177.0
1854,15,1869,123.6
2005,26,2031,77.11538461538461
1920,36,1956,53.333333333333336
1919,19,1938,101.0
2045,35,2080,58.42857142857143
1963,13,1976,151.0
2037,22,2059,92.5909090909091
1917,22,1939,87.13636363636364
1955,11,1966,177.72727272727272
1982,35,2017,56.628571428571426
2015,13,2028,155.0
2042,50,2092,40.84
1723,15,1738,114.86666666666666
1943,25,1968,77.72
1940,15,1955,129.33333333333334
1912,23,1935,83.1304347826087
2012,23,2035,87.47826086956522
1966,21,1987,93.61904761904762
1954,15,1969,130.26666666666668
2037,18,2055,113.16666666666667
1915,35,1950,54.714285714285715
2026,18,2044,112.55555555555556
1918,20,1938,95.9
1904,26,1930,73.23076923076923
1912,17,1929,112.47058823529412
1948,31,1979,62.83870967741935
1943,32,1975,60.71875
2026,25,2051,81.04
1951,20,1971,97.55
2033,31,2064,65.58064516129032
1974,33,2007,59.81818181818182
2047,19,2066,107.73684210526316
2045,23,2068,88.91304347826087
1922,14,1936,137.28571428571428
1938,12,1950,161.5
1995,20,2015,99.75
2039,14,2053,145.64285714285714
1900,12,1912,158.33333333333334
1985,26,2011,76.34615384615384
1979,40,2019,49.475
2039,18,2057,113.27777777777777
1957,20,1977,97.85
2048,16,2064,128.0
1977,13,1990,152.07692307692307
1903,20,1923,95.15
2046,28,2074,73.07142857142857
2005,28,2033,71.60714285714286
1990,34,2024,58.529411764705884
1918,48,1966,39.958333333333336
1984,15,1999,132.26666666666668
1971,24,1995,82.125
1988,24,2012,82.83333333333333
1925,16,1941,120.3125
1976,9,1985,219.55555555555554
2044,26,2070,78.61538461538461
1938,46,1984,42.130434782608695
1990,19,2009,104.73684210526316
1909,20,1929,95.45
1903,17,1920,111.94117647058823
2002,21,2023,95.33333333333333
1902,15,1917,126.8
2010,23,2033,87.3913043478261
1959,26,1985,75.34615384615384
2010,43,2053,46.74418604651163
2045,20,2065,102.25
2019,28,2047,72.10714285714286
1975,11,1986,179.54545454545453
1901,18,1919,105.61111111111111
1944,18,1962,108.0
2046,18,2064,113.66666666666667
2016,25,2041,80.64
2037,21,2058,97.0
1917,27,1944,71.0
1903,26,1929,73.1923076923077
1911,18,1929,106.16666666666667
1923,17,1940,113.11764705882354
1932,24,1956,80.5
2000,27,2027,74.07407407407408
1998,24,2022,83.25
1944,16,1960,121.5
1956,27,1983,72.44444444444444
2040,18,2058,113.33333333333333
1927,36,1963,53.52777777777778
1907,15,1922,127.13333333333334
1910,32,1942,59.6875
2000,14,2014,142.85714285714286
2003,20,2023,100.15
1972,25,1997,78.88
1943,19,1962,102.26315789473684
1997,22,2019,90.77272727272727
1906,26,1932,73.3076923076923
1981,23,2004,86.1304347826087
2007,36,2043,55.75
2032,12,2044,169.33333333333334
1951,12,1963,162.58333333333334
2031,28,2059,72.53571428571429
1991,23,2014,86.56521739130434
1962,21,1983,93.42857142857143
1908,32,1940,59.625
2006,26,2032,77.15384615384616
2026,23,2049,88.08695652173913
2031,19,2050,106.89473684210526
1912,31,1943,61.67741935483871
1951,21,1972,92.9047619047619
1986,17,2003,116.82352941176471
2017,22,2039,91.68181818181819
1947,21,1968,92.71428571428571
2045,16,2061,127.8125
1950,25,1975,78.0
1954,23,1977,84.95652173913044
1909,25,1934,76.36
1951,17,1968,114.76470588235294
1930,17,1947,113.52941176470588
1975,33,2008,59.84848484848485
1982,37,2019,53.567567567567565
1984,30,2014,66.13333333333334
1978,14,1992,141.28571428571428
1936,27,1963,71.70370370370371
1946,25,1971,77.84
2047,19,2066,107.73684210526316
2006,19,2025,105.57894736842105
1970,16,1986,123.125
1914,12,1926,159.5
1997,20,2017,99.85
1928,34,1962,56.705882352941174
2045,19,2064,107.63157894736842
2027,20,2047,101.35
1941,22,1963,88.22727272727273
1997,32,2029,62.40625
1956,31,1987,63.096774193548384
2004,33,2037,60.72727272727273
1999,25,2024,79.96
1932,27,1959,71.55555555555556
1869,10,1879,186.9
2013,21,2034,95.85714285714286
1992,17,2009,117.17647058823529
1911,14,1925,136.5
2034,37,2071,54.972972972972975
1958,19,1977,103.05263157894737
1955,31,1986,63.064516129032256
2031,13,2044,156.23076923076923
2002,31,2033,64.58064516129032
2024,22,2046,92.0
1957,17,1974,115.11764705882354
2046,23,2069,88.95652173913044
1920,35,1955,54.857142857142854
1682,11,1693,152.9090909090909
1928,17,1945,113.41176470588235
1939,24,1963,80.79166666666667
1942,14,1956,138.71428571428572
1977,27,2004,73.22222222222223
1907,25,1932,76.28
1981,21,2002,94.33333333333333
1929,37,1966,52.13513513513514
1933,24,1957,80.54166666666667
2035,30,2065,67.83333333333333
1946,20,1966,97.3
2039,32,2071,63.71875
2006,34,2040,59.0
1965,33,1998,59.54545454545455
1903,34,1937,55.970588235294116
1993,23,2016,86.65217391304348
1935,21,1956,92.14285714285714
1911,34,1945,56.205882352941174
2031,20,2051,101.55
1955,23,1978,85.0
2013,12,2025,167.75
1969,35,2004,56.25714285714286
2006,25,2031,80.24
1915,15,1930,127.66666666666667
1963,31,1994,63.32258064516129
1968,20,1988,98.4
1949,16,1965,121.8125
1986,26,2012,76.38461538461539
1926,16,1942,120.375
1968,18,1986,109.33333333333333
2025,23,2048,88.04347826086956
1995,30,2025,66.5
1975,26,2001,75.96153846153847
1914,20,1934,95.7
1967,18,1985,109.27777777777777
1927,32,1959,60.21875
1991,15,2006,132.73333333333332
1972,24,1996,82.16666666666667
1949,35,1984,55.68571428571428
1987,13,2000,152.84615384615384
1959,24,1983,81.625
1961,20,1981,98.05
1951,16,1967,121.9375
1948,20,1968,97.4
1996,20,2016,99.8
1931,39,1970,49.51282051282051
2036,13,2049,156.6153846153846
1964,23,1987,85.3913043478261
1943,13,1956,149.46153846153845
1988,28,2016,71.0
2000,36,2036,55.55555555555556
1906,40,1946,47.65
2036,27,2063,75.4074074074074
1911,15,1926,127.4
2036,29,2065,70.20689655172414
2011,25,2036,80.44
1928,31,1959,62.193548387096776
1965,23,1988,85.43478260869566
1951,31,1982,62.935483870967744
2030,13,2043,156.15384615384616
1976,24,2000,82.33333333333333
1921,17,1938,113.0
1926,21,1947,91.71428571428571
2028,28,2056,72.42857142857143
2008,19,2027,105.6842105263158
2041,13,2054,157.0
1990,28,2018,71.07142857142857
1945,13,1958,149.6153846153846
1937,31,1968,62.483870967741936
1931,38,1969,50.81578947368421
1973,9,1982,219.22222222222223
1975,26,2001,75.96153846153847
1944,19,1963,102.3157894736842
2024,18,2042,112.44444444444444
1975,14,1989,141.07142857142858
1963,21,1984,93.47619047619048
2037,19,2056,107.21052631578948
2048,21,2069,97.52380952380952
1961,17,1978,115.3529411764706
1919,27,1946,71.07407407407408
2022,16,2038,126.375
1525,11,1536,138.63636363636363
1991,22,2013,90.5
2009,45,2054,44.644444444444446
1968,62,2030,31.741935483870968
1983,24,2007,82.625
1926,30,1956,64.2
1935,28,1963,69.10714285714286
2018,32,2050,63.0625
1989,20,2009,99.45
2029,24,2053,84.54166666666667
1933,48,1981,40.270833333333336
1916,22,1938,87.0909090909091
2017,30,2047,67.23333333333333
2002,17,2019,117.76470588235294
2023,26,2049,77.8076923076923
1981,27,2008,73.37037037037037
1979,17,1996,116.41176470588235
2023,18,2041,112.38888888888889
1936,15,1951,129.06666666666666
1972,18,1990,109.55555555555556
1911,17,1928,112.41176470588235
2005,19,2024,105.52631578947368
1916,22,1938,87.0909090909091
2018,32,2050,63.0625
1945,12,1957,162.08333333333334
1917,17,1934,112.76470588235294
1928,23,1951,83.82608695652173
2000,18,2018,111.11111111111111
1959,19,1978,103.10526315789474
1974,30,2004,65.8
1927,25,1952,77.08
2008,30,2038,66.93333333333334
1975,20,1995,98.75
2038,30,2068,67.93333333333334
1907,34,1941,56.088235294117645
2044,18,2062,113.55555555555556
1912,24,1936,79.66666666666667
2003,28,2031,71.53571428571429
2005,20,2025,100.25
2034,45,2079,45.2
1994,17,2011,117.29411764705883
1958,15,1973,130.53333333333333
1962,28,1990,70.07142857142857
1941,17,1958,114.17647058823529
1927,41,1968,47.0
1929,29,1958,66.51724137931035
2037,32,2069,63.65625
1937,21,1958,92.23809523809524
1975,26,2001,75.96153846153847
1991,11,2002,181.0
2024,20,2044,101.2
2030,20,2050,101.5
1963,21,1984,93.47619047619048
2010,29,2039,69.3103448275862
1938,27,1965,71.77777777777777
1947,28,1975,69.53571428571429
1987,30,2017,66.23333333333333
1946,20,1966,97.3
1905,29,1934,65.6896551724138
1985,19,2004,104.47368421052632
1938,18,1956,107.66666666666667
1926,16,1942,120.375
2031,23,2054,88.30434782608695
1980,28,2008,70.71428571428571
1963,9,1972,218.11111111111111
1926,17,1943,113.29411764705883
2043,28,2071,72.96428571428571
1926,33,1959,58.36363636363637
2022,21,2043,96.28571428571429
2033,7,2040,290.42857142857144
2026,16,2042,126.625
1973,26,1999,75.88461538461539
1985,9,1994,220.55555555555554
1923,65,1988,29.584615384615386
1953,20,1973,97.65
1910,30,1940,63.666666666666664
2003,23,2026,87.08695652173913
1966,30,1996,65.53333333333333
2031,40,2071,50.775
1987,18,2005,110.38888888888889
1956,26,1982,75.23076923076923
1987,30,2017,66.23333333333333
1966,35,2001,56.17142857142857
1916,32,1948,59.875
2015,15,2030,134.33333333333334
1932,32,1964,60.375
1909,24,1933,79.54166666666667
1924,31,1955,62.064516129032256
2012,14,2026,143.71428571428572
1971,20,1991,98.55
1985,13,1998,152.69230769230768
1965,20,1985,98.25
2013,13,2026,154.84615384615384
1904,29,1933,65.65517241379311
1987,30,2017,66.23333333333333
1982,18,2000,110.11111111111111
1962,16,1978,122.625
1990,54,2044,36.851851851851855
1992,17,2009,117.17647058823529
1991,30,2021,66.36666666666666
1996,16,2012,124.75
1951,35,1986,55.74285714285714
1904,16,1920,119.0
2000,13,2013,153.84615384615384
2048,14,2062,146.28571428571428
2037,24,2061,84.875
1978,24,2002,82.41666666666667
2002,26,2028,77.0
1905,28,1933,68.03571428571429
2039,23,2062,88.65217391304348
1620,33,1653,49.09090909090909
1980,35,2015,56.57142857142857
1906,47,1953,40.5531914893617
2011,16,2027,125.6875
1936,67,2003,28.895522388059703
1923,21,1944,91.57142857142857
1932,14,1946,138.0
1777,23,1800,77.26086956521739
2042,12,2054,170.16666666666666
1974,26,2000,75.92307692307692
1950,33,1983,59.09090909090909
1992,40,2032,49.8
1962,45,2007,43.6
2044,13,2057,157.23076923076923
1921,10,1931,192.1
1957,51,2008,38.372549019607845
2010,21,2031,95.71428571428571
1981,31,2012,63.903225806451616
1973,19,1992,103.84210526315789
1905,13,1918,146.53846153846155
1916,22,1938,87.0909090909091
2017,57,2074,35.3859649122807
1970,9,1979,218.88888888888889
1997,18,2015,110.94444444444444
1954,41,1995,47.65853658536585
1941,32,1973,60.65625
2015,17,2032,118.52941176470588
1902,31,1933,61.354838709677416
1427,13,1440,109.76923076923077
1900,29,1929,65.51724137931035
1942,29,1971,66.96551724137932
2046,19,2065,107.6842105263158
1912,31,1943,61.67741935483871
1923,38,1961,50.60526315789474
1994,21,2015,94.95238095238095
1913,55,1968,34.78181818181818
1957,28,1985,69.89285714285714
1957,19,1976,103.0
2027,61,2088,33.22950819672131
1965,38,2003,51.71052631578947
1979,67,2046,29.53731343283582
2044,19,2063,107.57894736842105
1995,11,2006,181.36363636363637
2037,32,2069,63.65625
1980,26,2006,76.15384615384616
2027,16,2043,126.6875
2029,16,2045,126.8125
1912,10,1922,191.2
1962,44,2006,44.59090909090909
1933,47,1980,41.12765957446808
1954,10,1964,195.4
1959,22,1981,89.04545454545455
1925,16,1941,120.3125
1935,17,1952,113.82352941176471
1927,31,1958,62.16129032258065
1910,17,1927,112.3529411764706
2043,20,2063,102.15
1923,24,1947,80.125
2011,14,2025,143.64285714285714
2016,35,2051,57.6
2015,63,2078,31.984126984126984
2001,17,2018,117.70588235294117
1903,12,1915,158.58333333333334
2034,18,2052,113.0
1981,13,1994,152.3846153846154
2033,18,2051,112.94444444444444
1953,21,1974,93.0
1932,45,1977,42.93333333333333
1976,24,2000,82.33333333333333
2041,31,2072,65.83870967741936
1975,17,1992,116.17647058823529
2002,26,2028,77.0
2033,26,2059,78.1923076923077
1912,19,1931,100.63157894736842
2017,17,2034,118.6470588235294
2046,32,2078,63.9375
2045,52,2097,39.32692307692308
1963,73,2036,26.89041095890411
2000,25,2025,80.0
1967,13,1980,151.30769230769232
2042,38,2080,53.73684210526316
1978,36,2014,54.94444444444444
1930,52,1982,37.11538461538461
1980,70,2050,28.285714285714285
2046,61,2107,33.540983606557376
1965,15,1980,131.0
2031,38,2069,53.44736842105263
1968,25,1993,78.72
1974,14,1988,141.0
2014,23,2037,87.56521739130434
1926,43,1969,44.7906976744186
1979,23,2002,86.04347826086956
1982,11,1993,180.1818181818182
1919,10,1929,191.9
2011,15,2026,134.06666666666666
1987,52,2039,38.21153846153846
1901,17,1918,111.82352941176471
1927,11,1938,175.1818181818182
1984,25,2009,79.36
1926,27,1953,71.33333333333333
2042,15,2057,136.13333333333333
1950,29,1979,67.24137931034483
2046,13,2059,157.3846153846154
1901,27,1928,70.4074074074074
1904,14,1918,136.0
1904,18,1922,105.77777777777777
1979,8,1987,247.375
2018,16,2034,126.125
1928,12,1940,160.66666666666666
2032,47,2079,43.234042553191486
1905,19,1924,100.26315789473684
2027,14,2041,144.78571428571428
1960,16,1976,122.5
1970,13,1983,151.53846153846155
2031,19,2050,106.89473684210526
1977,16,1993,123.5625
1967,20,1987,98.35
1951,6,1957,325.1666666666667
2002,48,2050,41.708333333333336
2014,25,2039,80.56
2022,82,2104,24.658536585365855
1978,21,1999,94.19047619047619
1984,14,1998,141.71428571428572
1903,24,1927,79.29166666666667
2047,8,2055,255.875
1975,13,1988,151.92307692307693
1927,20,1947,96.35
1987,12,1999,165.58333333333334
1923,50,1973,38.46
1939,38,1977,51.026315789473685
1998,32,2030,62.4375
2016,13,2029,155.07692307692307
1967,26,1993,75.65384615384616
1989,39,2028,51.0
1971,50,2021,39.42
1956,41,1997,47.707317073170735
1946,21,1967,92.66666666666667
2041,69,2110,29.579710144927535
2016,32,2048,63.0
2019,41,2060,49.24390243902439
1966,14,1980,140.42857142857142
2021,22,2043,91.86363636363636
1924,26,1950,74.0
1921,46,1967,41.76086956521739
1944,26,1970,74.76923076923077
2041,34,2075,60.029411764705884
1913,45,1958,42.51111111111111
1964,40,2004,49.1
1992,7,1999,284.57142857142856
1985,43,2028,46.16279069767442
1992,34,2026,58.588235294117645
1914,15,1929,127.6
1998,31,2029,64.45161290322581
1839,16,1855,114.9375
1944,24,1968,81.0
1972,10,1982,197.2
2021,14,2035,144.35714285714286
1911,45,1956,42.46666666666667
2038,15,2053,135.86666666666667
2029,4,2033,507.25
1977,9,1986,219.66666666666666
1981,5,1986,396.2
525,19,544,27.63157894736842
1981,4,1985,495.25
1919,7,1926,274.14285714285717
1989,9,1998,221.0
1905,4,1909,476.25
2014,4,2018,503.5
1944,2,1946,972.0
1991,9,2000,221.22222222222223
1975,6,1981,329.1666666666667
1967,5,1972,393.4
2025,4,2029,506.25
1900,4,1904,475.0
1396,6,1402,232.66666666666666
1940,4,1944,485.0
1962,5,1967,392.4
1988,4,1992,497.0
1959,3,1962,653.0
1929,4,1933,482.25
776,12,788,64.66666666666667
1505,6,1511,250.83333333333334
2013,6,2019,335.5
1996,4,2000,499.0
1909,4,1913,477.25
1983,3,1986,661.0
1906,5,1911,381.2
1903,4,1907,475.75
1304,12,1316,108.66666666666667
1964,4,1968,491.0
1954,4,1958,488.5
1181,3,1184,393.6666666666667
2019,3,2022,673.0
1926,4,1930,481.5
2002,8,2010,250.25
2043,5,2048,408.6
1914,5,1919,382.8
1967,7,1974,281.0
1926,8,1934,240.75
1935,5,1940,387.0
1914,11,1925,174.0
1902,4,1906,475.5
1965,9,1974,218.33333333333334
1046,3,1049,348.6666666666667
2034,3,2037,678.0
2048,8,2056,256.0
1972,4,1976,493.0
1917,3,1920,639.0
972,6,978,162.0
2023,5,2028,404.6
510,5,515,102.0
1967,4,1971,491.75
1679,6,1685,279.8333333333333
1959,5,1964,391.8
610,5,615,122.0
2033,4,2037,508.25
1960,7,1967,280.0
2013,4,2017,503.25
1377,5,1382,275.4
1876,5,1881,375.2
1997,5,2002,399.4
1352,3,1355,450.6666666666667
1910,2,1912,955.0
2034,9,2043,226.0
1951,9,1960,216.77777777777777
1929,9,1938,214.33333333333334
2043,22,2065,92.86363636363636
1962,2,1964,981.0
1907,4,1911,476.75
2037,3,2040,679.0
1980,9,1989,220.0
1881,7,1888,268.7142857142857
1961,3,1964,653.6666666666666
2046,10,2056,204.6
2026,5,2031,405.2
2038,5,2043,407.6
1597,7,1604,228.14285714285714
2010,4,2014,502.5
1946,10,1956,194.6
2014,4,2018,503.5
1967,5,1972,393.4
1944,4,1948,486.0
1909,4,1913,477.25
844,3,847,281.3333333333333
1975,4,1979,493.75
1820,4,1824,455.0
1970,4,1974,492.5
1958,6,1964,326.3333333333333
2000,9,2009,222.22222222222223
1901,4,1905,475.25
1477,5,1482,295.4
1925,5,1930,385.0
1934,5,1939,386.8
1943,4,1947,485.75
1831,6,1837,305.1666666666667
1942,3,1945,647.3333333333334
1904,4,1908,476.0
1910,9,1919,212.22222222222223
2036,7,2043,290.85714285714283
1941,5,1946,388.2
2048,4,2052,512.0
1939,5,1944,387.8
1920,3,1923,640.0
1935,4,1939,483.75
1938,8,1946,242.25
2040,3,2043,680.0
1947,9,1956,216.33333333333334
2004,7,2011,286.2857142857143
1999,4,2003,499.75
1904,9,1913,211.55555555555554
1994,5,1999,398.8
1973,7,1980,281.85714285714283
1988,6,1994,331.3333333333333
2044,5,2049,408.8
1904,5,1909,380.8
1960,2,1962,980.0
1902,7,1909,271.7142857142857
1994,3,1997,664.6666666666666
1994,3,1997,664.6666666666666
1987,2,1989,993.5
1922,4,1926,480.5
2047,5,2052,409.4
1994,6,2000,332.3333333333333
1993,4,1997,498.25
1916,3,1919,638.6666666666666
2004,6,2010,334.0
1948,8,1956,243.5
1992,6,1998,332.0
2047,4,2051,511.75
1964,3,1967,654.6666666666666
1938,8,1946,242.25
1954,3,1957,651.3333333333334
2034,22,2056,92.45454545454545
1947,8,1955,243.375
1934,7,1941,276.2857142857143
2029,5,2034,405.8
1928,3,1931,642.6666666666666
1981,3,1984,660.3333333333334
2048,6,2054,341.3333333333333
2043,6,2049,340.5
1924,3,1927,641.3333333333334
1942,3,1945,647.3333333333334
1991,3,1994,663.6666666666666
1965,8,1973,245.625
2019,4,2023,504.75
1967,7,1974,281.0
2014,3,2017,671.3333333333334
1947,5,1952,389.4
2001,5,2006,400.2
2007,3,2010,669.0
1992,4,1996,498.0
1924,4,1928,481.0
1981,4,1985,495.25
1938,4,1942,484.5
1966,7,1973,280.85714285714283
1945,4,1949,486.25
1986,4,1990,496.5
2014,7,2021,287.7142857142857
1920,8,1928,240.0
1995,3,1998,665.0
1995,4,1999,498.75
1968,5,1973,393.6
1990,4,1994,497.5
1938,3,1941,646.0
2005,12,2017,167.08333333333334
1952,3,1955,650.6666666666666
1951,4,1955,487.75
1940,6,1946,323.3333333333333
2017,8,2025,252.125
2009,4,2013,502.25
1962,4,1966,490.5
1900,6,1906,316.6666666666667
1993,6,1999,332.1666666666667
1934,10,1944,193.4
1907,3,1910,635.6666666666666
2012,4,2016,503.0
2004,9,2013,222.66666666666666
2045,8,2053,255.625
1924,10,1934,192.4
1913,4,1917,478.25
1999,3,2002,666.3333333333334
1974,3,1977,658.0
1951,3,1954,650.3333333333334
2010,3,2013,670.0
1900,2,1902,950.0
1958,4,1962,489.5
2003,7,2010,286.14285714285717
2024,4,2028,506.0
2026,7,2033,289.42857142857144
2008,4,2012,502.0
2003,4,2007,500.75
2003,3,2006,667.6666666666666
1915,4,1919,478.75
1979,5,1984,395.8
1945,3,1948,648.3333333333334
1942,3,1945,647.3333333333334
1982,5,1987,396.4
1931,3,1934,643.6666666666666
2029,5,2034,405.8
2015,4,2019,503.75
1940,3,1943,646.6666666666666
2047,7,2054,292.42857142857144
1999,5,2004,399.8
1958,4,1962,489.5
1932,4,1936,483.0
1965,3,1968,655.0
1904,3,1907,634.6666666666666
2017,4,2021,504.25
1980,4,1984,495.0
2022,4,2026,505.5
1989,5,1994,397.8
2030,7,2037,290.0
1956,3,1959,652.0
1979,6,1985,329.8333333333333
2045,4,2049,511.25
1907,5,1912,381.4
2025,3,2028,675.0
1935,8,1943,241.875
1969,6,1975,328.1666666666667
1952,4,1956,488.0
1995,4,1999,498.75
1903,6,1909,317.1666666666667
1973,5,1978,394.6
2010,9,2019,223.33333333333334
1958,4,1962,489.5
1901,8,1909,237.625
1956,4,1960,489.0
1999,8,2007,249.875
1934,2,1936,967.0
1964,3,1967,654.6666666666666
2047,3,2050,682.3333333333334
2041,4,2045,510.25
1951,3,1954,650.3333333333334
1932,5,1937,386.4
1999,5,2004,399.8
2044,6,2050,340.6666666666667
2022,4,2026,505.5
1992,4,1996,498.0
2020,5,2025,404.0
1934,4,1938,483.5
1907,5,1912,381.4
2001,9,2010,222.33333333333334
2008,10,2018,200.8
1988,4,1992,497.0
1979,6,1985,329.8333333333333
1936,9,1945,215.11111111111111
1974,3,1977,658.0
2027,6,2033,337.8333333333333
1966,3,1969,655.3333333333334
2001,4,2005,500.25
1961,5,1966,392.2
2018,7,2025,288.2857142857143
1951,6,1957,325.1666666666667
1946,6,1952,324.3333333333333
2027,7,2034,289.57142857142856
2016,3,2019,672.0
1909,8,1917,238.625
2004,5,2009,400.8
1951,4,1955,487.75
2034,3,2037,678.0
1974,5,1979,394.8
2008,8,2016,251.0
1926,4,1930,481.5
1979,9,1988,219.88888888888889
1969,10,1979,196.9
1941,6,1947,323.5
1938,5,1943,387.6
1953,4,1957,488.25
1978,6,1984,329.6666666666667
1933,9,1942,214.77777777777777
1941,5,1946,388.2
1988,4,1992,497.0
1953,2,1955,976.5
2047,10,2057,204.7
1940,4,1944,485.0
1915,4,1919,478.75
1926,2,1928,963.0
1932,4,1936,483.0
1964,7,1971,280.57142857142856
2047,8,2055,255.875
1973,4,1977,493.25
1972,5,1977,394.4
1947,19,1966,102.47368421052632
1915,5,1920,383.0
1971,5,1976,394.2
2046,3,2049,682.0
1995,4,1999,498.75
1927,8,1935,240.875
2005,9,2014,222.77777777777777
1966,8,1974,245.75
1985,5,1990,397.0
2043,4,2047,510.75
2034,6,2040,339.0
1966,4,1970,491.5
1927,2,1929,963.5
2042,7,2049,291.7142857142857
2042,3,2045,680.6666666666666
1914,6,1920,319.0
1907,6,1913,317.8333333333333
1987,11,1998,180.63636363636363
2008,6,2014,334.6666666666667
2023,7,2030,289.0
1981,10,1991,198.1
1958,6,1964,326.3333333333333
1930,6,1936,321.6666666666667
2008,6,2014,334.6666666666667
2007,11,2018,182.45454545454547
1921,8,1929,240.125
1964,16,1980,122.75
2039,6,2045,339.8333333333333
1988,22,2010,90.36363636363636
1938,17,1955,114.0
1910,13,1923,146.92307692307693
1902,10,1912,190.2
1932,5,1937,386.4
1998,7,2005,285.42857142857144
1993,7,2000,284.7142857142857
1907,13,1920,146.69230769230768
1995,10,2005,199.5
1985,11,1996,180.45454545454547
2032,11,2043,184.72727272727272
2002,5,2007,400.4
2038,10,2048,203.8
1928,11,1939,175.27272727272728
1926,22,1948,87.54545454545455
2041,6,2047,340.1666666666667
1949,16,1965,121.8125
1954,6,1960,325.6666666666667
1982,11,1993,180.1818181818182
2042,11,2053,185.63636363636363
2003,17,2020,117.82352941176471
1936,6,1942,322.6666666666667
1910,10,1920,191.0
1921,8,1929,240.125
1908,22,1930,86.72727272727273
1990,11,2001,180.9090909090909
1953,7,1960,279.0
2005,17,2022,117.94117647058823
2045,13,2058,157.30769230769232
1929,15,1944,128.6
2005,11,2016,182.27272727272728
1953,15,1968,130.2
1986,10,1996,198.6
1923,7,1930,274.7142857142857
1926,11,1937,175.0909090909091
1935,7,1942,276.42857142857144
1969,6,1975,328.1666666666667
1960,10,1970,196.0
1943,21,1964,92.52380952380952
1955,6,1961,325.8333333333333
1998,13,2011,153.69230769230768
2011,16,2027,125.6875
1950,10,1960,195.0
1952,10,1962,195.2
1902,7,1909,271.7142857142857
2033,11,2044,184.8181818181818
1971,5,1976,394.2
2007,8,2015,250.875
1955,6,1961,325.8333333333333
2030,10,2040,203.0
1926,6,1932,321.0
1992,10,2002,199.2
1985,6,1991,330.8333333333333
1964,13,1977,151.07692307692307
2030,11,2041,184.54545454545453
1959,6,1965,326.5
2027,11,2038,184.27272727272728
2048,10,2058,204.8
1954,11,1965,177.63636363636363
2044,22,2066,92.9090909090909
1913,8,1921,239.125
2044,6,2050,340.6666666666667
1927,11,1938,175.1818181818182
1967,11,1978,178.8181818181818
2010,7,2017,287.14285714285717
1925,28,1953,68.75
1909,16,1925,119.3125
1925,15,1940,128.33333333333334
1983,17,2000,116.6470588235294
1984,11,1995,180.36363636363637
1929,10,1939,192.9
1972,15,1987,131.46666666666667
1925,21,1946,91.66666666666667
1961,6,1967,326.8333333333333
1977,10,1987,197.7
2046,5,2051,409.2
1916,16,1932,119.75
1924,10,1934,192.4
2000,6,2006,333.3333333333333
2022,10,2032,202.2
1938,10,1948,193.8
1983,11,1994,180.27272727272728
1957,13,1970,150.53846153846155
1933,16,1949,120.8125
1960,7,1967,280.0
1935,13,1948,148.84615384615384
1910,6,1916,318.3333333333333
2045,13,2058,157.30769230769232
1913,15,1928,127.53333333333333
2019,11,2030,183.54545454545453
2022,13,2035,155.53846153846155
2040,13,2053,156.92307692307693
2041,11,2052,185.54545454545453
1960,10,1970,196.0
2008,11,2019,182.54545454545453
1963,11,1974,178.45454545454547
1955,10,1965,195.5
1924,11,1935,174.9090909090909
1985,13,1998,152.69230769230768
1944,10,1954,194.4
1975,21,1996,94.04761904761905
1926,17,1943,113.29411764705883
2014,6,2020,335.6666666666667
2015,11,2026,183.1818181818182
1951,10,1961,195.1
2021,10,2031,202.1
1967,6,1973,327.8333333333333
2022,10,2032,202.2
1948,6,1954,324.6666666666667
2015,13,2028,155.0
1940,6,1946,323.3333333333333
1954,6,1960,325.6666666666667
2045,6,2051,340.8333333333333
2003,10,2013,200.3
1989,17,2006,117.0
2010,7,2017,287.14285714285717
1967,11,1978,178.8181818181818
1999,10,2009,199.9
1942,7,1949,277.42857142857144
1933,13,1946,148.69230769230768
2038,5,2043,407.6
2025,10,2035,202.5
1928,6,1934,321.3333333333333
1960,15,1975,130.66666666666666
1988,5,1993,397.6
2044,10,2054,204.4
1970,21,1991,93.80952380952381
1901,10,1911,190.1
1978,21,1999,94.19047619047619
2014,11,2025,183.0909090909091
1954,15,1969,130.26666666666668
2001,10,2011,200.1
1957,15,1972,130.46666666666667
1974,13,1987,151.84615384615384
2048,10,2058,204.8
1980,10,1990,198.0
1906,10,1916,190.6
1992,22,2014,90.54545454545455
1908,11,1919,173.45454545454547
2009,8,2017,251.125
1906,11,1917,173.27272727272728
2046,10,2056,204.6
2040,6,2046,340.0
1905,10,1915,190.5
1912,6,1918,318.6666666666667
1913,5,1918,382.6
2004,28,2032,71.57142857142857
1976,11,1987,179.63636363636363
2015,10,2025,201.5
1984,28,2012,70.85714285714286
1906,6,1912,317.6666666666667
2042,16,2058,127.625
1997,10,2007,199.7
1927,21,1948,91.76190476190476
2007,6,2013,334.5
1970,10,1980,197.0
1911,16,1927,119.4375
1986,7,1993,283.7142857142857
1911,15,1926,127.4
1915,16,1931,119.6875
1989,13,2002,153.0
1930,13,1943,148.46153846153845
1903,10,1913,190.3
2034,11,2045,184.9090909090909
1925,16,1941,120.3125
2046,11,2057,186.0
2038,13,2051,156.76923076923077
1908,6,1914,318.0
1954,10,1964,195.4
2048,6,2054,341.3333333333333
2005,6,2011,334.1666666666667
1971,10,1981,197.1
1925,10,1935,192.5
1927,11,1938,175.1818181818182
1946,15,1961,129.73333333333332
1931,13,1944,148.53846153846155
1939,17,1956,114.05882352941177
2041,15,2056,136.06666666666666
1961,13,1974,150.84615384615384
1959,10,1969,195.9
2023,13,2036,155.6153846153846
1966,5,1971,393.2
2002,6,2008,333.6666666666667
1952,22,1974,88.72727272727273
1913,28,1941,68.32142857142857
2033,10,2043,203.3
2035,13,2048,156.53846153846155
2024,10,2034,202.4
1919,21,1940,91.38095238095238
1958,699,2657,2.8011444921316166
1933,662,2595,2.919939577039275
986,130,1116,7.584615384615384
2017,797,2814,2.530740276035132
1916,383,2299,5.002610966057441
1963,199,2162,9.864321608040202
1958,880,2838,2.225
1930,879,2809,2.1956769055745164
1939,619,2558,3.132471728594507
2011,533,2544,3.772983114446529
2025,633,2658,3.199052132701422
2007,618,2625,3.2475728155339807
1965,510,2475,3.8529411764705883
1949,849,2798,2.2956419316843344
2040,68,2108,30.0
1909,560,2469,3.4089285714285715
2041,706,2747,2.8909348441926346
1999,390,2389,5.125641025641026
1939,661,2600,2.933434190620272
2026,591,2617,3.428087986463621
2046,377,2423,5.427055702917772
1935,832,2767,2.3257211538461537
1912,493,2405,3.8782961460446246
1978,435,2413,4.5471264367816095
1998,613,2611,3.259380097879282
2022,195,2217,10.36923076923077
2016,885,2901,2.2779661016949153
2007,704,2711,2.850852272727273
1985,749,2734,2.6502002670226967
2036,717,2753,2.8396094839609485
1959,328,2287,5.972560975609756
1916,528,2444,3.628787878787879
1976,259,2235,7.629343629343629
2036,505,2541,4.031683168316832
1729,263,1992,6.574144486692015
1960,756,2716,2.5925925925925926
1987,520,2507,3.8211538461538463
1977,762,2739,2.594488188976378
1961,824,2785,2.379854368932039
2030,386,2416,5.259067357512953
2011,663,2674,3.033182503770739
1969,878,2847,2.2425968109339407
1974,866,2840,2.279445727482679
1997,673,2670,2.9673105497771175
1982,646,2628,3.068111455108359
1981,566,2547,3.5
1953,191,2144,10.225130890052355
1924,488,2412,3.942622950819672
1977,459,2436,4.30718954248366
1976,856,2832,2.308411214953271
1949,568,2517,3.431338028169014
1926,92,2018,20.934782608695652
1962,631,2593,3.109350237717908
2004,743,2747,2.6971736204576042
2036,763,2799,2.668414154652687
1941,602,2543,3.2242524916943522
1980,780,2760,2.5384615384615383
1954,696,2650,2.807471264367816
2007,716,2723,2.803072625698324
2018,675,2693,2.9896296296296296
1962,805,2767,2.437267080745342
1970,569,2539,3.4622144112478033
2033,691,2724,2.9421128798842258
1993,602,2595,3.3106312292358804
2000,507,2507,3.9447731755424065
1916,282,2198,6.794326241134752
2021,447,2468,4.5212527964205815
2012,498,2510,4.040160642570281
1924,824,2748,2.3349514563106797
1942,858,2800,2.2634032634032635
1930,701,2631,2.75320970042796
2034,711,2745,2.8607594936708862
1968,801,2769,2.4569288389513106
1967,343,2310,5.73469387755102
1902,278,2180,6.841726618705036
1999,320,2319,6.246875
2000,467,2467,4.282655246252677
1950,299,2249,6.521739130434782
1906,451,2357,4.226164079822617
1941,449,2390,4.32293986636971
1915,85,2000,22.529411764705884
2006,751,2757,2.6711051930758987
2008,558,2566,3.598566308243728
1985,840,2825,2.363095238095238
2009,113,2122,17.778761061946902
1837,169,2006,10.8698224852071
1910,892,2802,2.1412556053811658
1968,776,2744,2.536082474226804
2021,334,2355,6.050898203592815
2046,712,2758,2.8735955056179776
1903,732,2635,2.599726775956284
1922,525,2447,3.6609523809523807
1909,680,2589,2.8073529411764704
1938,504,2442,3.8452380952380953
2043,687,2730,2.9737991266375547
1960,445,2405,4.404494382022472
1942,771,2713,2.5188067444876783
1985,667,2652,2.9760119940029983
2008,700,2708,2.8685714285714288
1935,828,2763,2.3369565217391304
2029,608,2637,3.3371710526315788
1974,824,2798,2.395631067961165
2024,638,2662,3.1724137931034484
1963,975,2938,2.013333333333333
1919,626,2545,3.0654952076677318
1968,626,2594,3.143769968051118
1937,784,2721,2.4706632653061225
1949,645,2594,3.021705426356589
1963,531,2494,3.696798493408663
1934,789,2723,2.4512040557667936
1903,682,2585,2.7903225806451615
1907,903,2810,2.1118493909191582
2013,652,2665,3.0874233128834354
1970,1483,3453,1.3283884018880647
1977,668,2645,2.9595808383233533
2034,894,2928,2.2751677852348995
1905,626,2531,3.0431309904153356
1997,587,2584,3.402044293015332
2019,900,2919,2.243333333333333
1942,737,2679,2.635006784260516
1909,634,2543,3.0110410094637223
1942,732,2674,2.6530054644808745
1902,885,2787,2.1491525423728812
2033,654,2687,3.1085626911314983
2002,835,2837,2.3976047904191615
1990,764,2754,2.6047120418848166
1923,902,2825,2.131929046563193
1980,860,2840,2.302325581395349
1906,735,2641,2.5931972789115645
2018,473,2491,4.266384778012685
2030,849,2879,2.391048292108363
1959,595,2554,3.292436974789916
1966,738,2704,2.6639566395663956
1996,696,2692,2.867816091954023
1915,889,2804,2.154105736782902
2010,752,2762,2.672872340425532
2015,603,2618,3.341625207296849
2025,771,2796,2.6264591439688716
1942,869,2811,2.234752589182969
1955,852,2807,2.294600938967136
1928,723,2651,2.6666666666666665
2038,875,2913,2.329142857142857
2032,556,2588,3.6546762589928057
1924,568,2492,3.387323943661972
2034,855,2889,2.3789473684210525
1955,729,2684,2.681755829903978
2043,764,2807,2.674083769633508
2002,757,2759,2.6446499339498017
1982,814,2796,2.4348894348894348
1970,897,2867,2.1962095875139354
1959,653,2612,3.0
1915,686,2601,2.7915451895043732
1981,898,2879,2.206013363028953
1971,853,2824,2.310668229777257
1922,478,2400,4.02092050209205
1947,836,2783,2.3289473684210527
1927,606,2533,3.17986798679868
2017,892,2909,2.2612107623318387
1905,844,2749,2.2571090047393363
2022,689,2711,2.934687953555878
1990,938,2928,2.121535181236674
1964,682,2646,2.8797653958944283
2011,633,2644,3.1769352290679307
1944,649,2593,2.99537750385208
1909,829,2738,2.302774427020507
2034,683,2717,2.9780380673499267
1945,639,2584,3.043818466353678
1941,723,2664,2.684647302904564
2010,627,2637,3.2057416267942584
1950,754,2704,2.586206896551724
1976,883,2859,2.2378255945639864
2036,812,2848,2.5073891625615765
2048,825,2873,2.4824242424242424
1913,648,2561,2.9521604938271606
1913,486,2399,3.9362139917695473
1958,727,2685,2.6932599724896837
1906,738,2644,2.5826558265582658
2046,929,2975,2.2023681377825617
1994,100,2094,19.94
1965,838,2803,2.344868735083532
2016,744,2760,2.7096774193548385
1972,903,2875,2.183831672203765
1971,721,2692,2.7337031900138697
2034,822,2856,2.4744525547445257
1984,868,2852,2.2857142857142856
1995,971,2966,2.054582904222451
1933,784,2717,2.4655612244897958
1917,692,2609,2.770231213872832
2012,782,2794,2.5728900255754477
2037,603,2640,3.3781094527363185
1929,756,2685,2.5515873015873014
1924,738,2662,2.607046070460705
1939,803,2742,2.414694894146949
1942,393,2335,4.9414758269720105
1986,542,2528,3.6642066420664205
2006,776,2782,2.5850515463917527
1955,644,2599,3.0357142857142856
2037,789,2826,2.581749049429658
1964,589,2553,3.33446519524618
1990,647,2637,3.0757341576506954
1990,878,2868,2.266514806378132
1965,864,2829,2.2743055555555554
2029,718,2747,2.8259052924791086
1902,387,2289,4.9147286821705425
2033,775,2808,2.6232258064516127
1916,760,2676,2.5210526315789474
2007,594,2601,3.378787878787879
1928,626,2554,3.0798722044728435
2047,780,2827,2.6243589743589744
2007,835,2842,2.4035928143712573
2017,724,2741,2.7859116022099446
1918,738,2656,2.5989159891598916
1925,687,2612,2.802037845705968
2016,895,2911,2.2525139664804468
1937,734,2671,2.638964577656676
1997,550,2547,3.630909090909091
1947,669,2616,2.9103139013452917
2004,655,2659,3.0595419847328245
2043,775,2818,2.6361290322580646
1908,577,2485,3.3067590987868285
1988,1699,3687,1.1701000588581518
2008,702,2710,2.8603988603988606
1971,871,2842,2.2629161882893225
1972,865,2837,2.2797687861271676
1936,855,2791,2.2643274853801167
1921,686,2607,2.8002915451895043
2045,540,2585,3.787037037037037
2013,637,2650,3.160125588697017
2039,737,2776,2.7666214382632295
1980,946,2926,2.0930232558139537
1948,547,2495,3.5612431444241315
2043,687,2730,2.9737991266375547
1911,822,2733,2.3248175182481754
1956,715,2671,2.7356643356643358
2013,1132,3145,1.778268551236749
2029,869,2898,2.334867663981588
2004,924,2928,2.168831168831169
1934,833,2767,2.3217286914765904
2041,408,2449,5.002450980392157
2038,800,2838,2.5475
1908,740,2648,2.5783783783783782
1950,720,2670,2.7083333333333335
1972,311,2283,6.340836012861736
2042,722,2764,2.8282548476454292
1952,632,2584,3.088607594936709
1967,569,2536,3.4569420035149383
1914,730,2644,2.621917808219178
2031,688,2719,2.95203488372093
1993,702,2695,2.839031339031339
1972,730,2702,2.7013698630136984
1998,674,2672,2.964391691394659
1933,926,2859,2.087473002159827
1909,802,2711,2.380299251870324
1949,721,2670,2.7031900138696257
1976,619,2595,3.1922455573505655
1952,1050,3002,1.859047619047619
2014,865,2879,2.3283236994219654
1975,683,2658,2.891654465592972
1900,742,2642,2.560646900269542
1910,772,2682,2.4740932642487046
2009,1411,3420,1.4238128986534373
2011,637,2648,3.1569858712715857
2040,707,2747,2.8854314002828856
1902,689,2591,2.760522496371553
1942,810,2752,2.397530864197531
1926,681,2607,2.828193832599119
1993,837,2830,2.3811230585424132
2007,679,2686,2.955817378497791
1959,618,2577,3.1699029126213594
1968,820,2788,2.4
2002,702,2704,2.8518518518518516
2028,518,2546,3.9150579150579152
1990,697,2687,2.855093256814921
2044,918,2962,2.2265795206971677
1939,765,2704,2.534640522875817
1923,862,2785,2.230858468677494
1983,712,2695,2.7851123595505616
1955,700,2655,2.7928571428571427
1910,527,2437,3.6242884250474385
2000,937,2937,2.134471718249733
1996,764,2760,2.612565445026178
1971,1183,3154,1.6661031276415892
1984,885,2869,2.24180790960452
1949,727,2676,2.6808803301237965
2029,816,2845,2.486519607843137
1960,666,2626,2.942942942942943
2045,747,2792,2.7376171352074965
2045,983,3028,2.0803662258392674
1909,839,2748,2.2753277711561384
2025,720,2745,2.8125
1963,731,2694,2.6853625170998634
1952,702,2654,2.780626780626781
1971,860,2831,2.291860465116279
1941,785,2726,2.472611464968153
1947,621,2568,3.135265700483092
2015,661,2676,3.048411497730711
1959,651,2610,3.0092165898617513
1911,655,2566,2.9175572519083968
1920,663,2583,2.8959276018099547
1959,852,2811,2.2992957746478875
2001,2,2003,1000.5
2001,2,2003,1000.5
2008,2,2010,1004.0
1907,2,1909,953.5
1937,2,1939,968.5
1973,2,1975,986.5
1978,2,1980,989.0
1911,2,1913,955.5
2045,2,2047,1022.5
1952,2,1954,976.0
1976,2,1978,988.0
2024,2,2026,1012.0
1997,2,1999,998.5
1928,2,1930,964.0
1989,2,1991,994.5
1922,2,1924,961.0
2017,2,2019,1008.5
1993,2,1995,996.5
1957,2,1959,978.5
2048,2,2050,1024.0
1911,2,1913,955.5
1925,2,1927,962.5
1991,2,1993,995.5
2018,2,2020,1009.0
1948,2,1950,974.0
1979,2,1981,989.5
1974,2,1976,987.0
1925,2,1927,962.5
1900,2,1902,950.0
1917,2,1919,958.5
2011,2,2013,1005.5
1951,2,1953,975.5
2026,2,2028,1013.0
1952,2,1954,976.0
2025,2,2027,1012.5
2042,2,2044,1021.0
2003,2,2005,1001.5
2032,2,2034,1016.0
2021,2,2023,1010.5
1941,2,1943,970.5
1939,2,1941,969.5
1901,2,1903,950.5
2034,2,2036,1017.0
2016,2,2018,1008.0
1918,2,1920,959.0
2005,2,2007,1002.5
1981,2,1983,990.5
1945,2,1947,972.5
1920,2,1922,960.0
2045,2,2047,1022.5
1987,2,1989,993.5
2016,2,2018,1008.0
1949,2,1951,974.5
2025,2,2027,1012.5
2007,2,2009,1003.5
1913,2,1915,956.5
1940,2,1942,970.0
1964,2,1966,982.0
1974,2,1976,987.0
2037,2,2039,1018.5
1975,2,1977,987.5
2011,2,2013,1005.5
1900,2,1902,950.0
2026,2,2028,1013.0
1917,2,1919,958.5
2020,2,2022,1010.0
1974,2,1976,987.0
2019,2,2021,1009.5
2041,2,2043,1020.5
1993,2,1995,996.5
2022,2,2024,1011.0
1917,2,1919,958.5
1978,2,1980,989.0
1953,2,1955,976.5
2007,2,2009,1003.5
2018,2,2020,1009.0
1990,2,1992,995.0
2013,2,2015,1006.5
1937,2,1939,968.5
2023,2,2025,1011.5
1992,2,1994,996.0
1916,2,1918,958.0
1965,2,1967,982.5
2044,2,2046,1022.0
1953,2,1955,976.5
1934,2,1936,967.0
2034,2,2036,1017.0
1973,2,1975,986.5
1920,2,1922,960.0
1945,2,1947,972.5
1901,2,1903,950.5
2043,2,2045,1021.5
2037,2,2039,1018.5
2016,2,2018,1008.0
2042,2,2044,1021.0
2023,2,2025,1011.5
1971,2,1973,985.5
1946,2,1948,973.0
1901,2,1903,950.5
2011,2,2013,1005.5
1990,2,1992,995.0
1977,2,1979,988.5
2011,2,2013,1005.5
1912,2,1914,956.0
1908,2,1910,954.0
1911,2,1913,955.5
1963,2,1965,981.5
2008,2,2010,1004.0
1923,2,1925,961.5
1911,2,1913,955.5
1996,2,1998,998.0
2020,2,2022,1010.0
1953,2,1955,976.5
1929,2,1931,964.5
1968,2,1970,984.0
1904,2,1906,952.0
1944,2,1946,972.0
2021,2,2023,1010.5
1912,2,1914,956.0
1917,2,1919,958.5
1904,2,1906,952.0
1964,2,1966,982.0
1937,2,1939,968.5
2012,2,2014,1006.0
1940,2,1942,970.0
1955,2,1957,977.5
1961,2,1963,980.5
1956,2,1958,978.0
2038,2,2040,1019.0
1904,2,1906,952.0
1915,2,1917,957.5
2014,2,2016,1007.0
2025,2,2027,1012.5
1984,2,1986,992.0
1938,2,1940,969.0
1918,2,1920,959.0
1915,2,1917,957.5
1912,2,1914,956.0
1914,2,1916,957.0
1958,2,1960,979.0
2002,2,2004,1001.0
1967,2,1969,983.5
1902,2,1904,951.0
2026,2,2028,1013.0
1966,2,1968,983.0
1925,2,1927,962.5
2042,2,2044,1021.0
1938,2,1940,969.0
1920,2,1922,960.0
1994,2,1996,997.0
1981,2,1983,990.5
2033,2,2035,1016.5
1951,2,1953,975.5
2036,2,2038,1018.0
1954,2,1956,977.0
2043,2,2045,1021.5
2031,2,2033,1015.5
1976,2,1978,988.0
2034,2,2036,1017.0
1963,2,1965,981.5
1940,2,1942,970.0
1947,2,1949,973.5
1990,2,1992,995.0
1917,2,1919,958.5
1925,2,1927,962.5
1973,2,1975,986.5
2006,2,2008,1003.0
2008,2,2010,1004.0
2030,2,2032,1015.0
1965,2,1967,982.5
2035,2,2037,1017.5
1939,2,1941,969.5
1928,2,1930,964.0
1995,2,1997,997.5
2001,2,2003,1000.5
1930,2,1932,965.0
1947,2,1949,973.5
1912,2,1914,956.0
2004,2,2006,1002.0
2043,2,2045,1021.5
1907,2,1909,953.5
2044,2,2046,1022.0
1969,2,1971,984.5
2046,2,2048,1023.0
1980,2,1982,990.0
1960,2,1962,980.0
1904,2,1906,952.0
1914,2,1916,957.0
1908,2,1910,954.0
1905,2,1907,952.5
1959,2,1961,979.5
1983,2,1985,991.5
1928,2,1930,964.0
1923,2,1925,961.5
1972,2,1974,986.0
1965,2,1967,982.5
2019,2,2021,1009.5
1914,2,1916,957.0
1927,2,1929,963.5
2008,2,2010,1004.0
1959,45,2004,43.53333333333333
1967,9,1976,218.55555555555554
1969,6,1975,328.1666666666667
1928,47,1975,41.02127659574468
1934,2,1936,967.0
2039,2,2041,1019.5
1930,2,1932,965.0
1994,18,2012,110.77777777777777
1992,16,2008,124.5
1968,6,1974,328.0
1993,10,2003,199.3
1913,7,1920,273.2857142857143
1916,14,1930,136.85714285714286
2004,6,2010,334.0
1974,98,2072,20.142857142857142
1992,32,2024,62.25
1971,10,1981,197.1
1901,16,1917,118.8125
1935,3,1938,645.0
2025,16,2041,126.5625
1985,4,1989,496.25
1956,3,1959,652.0
1952,28,1980,69.71428571428571
1919,30,1949,63.96666666666667
2008,14,2022,143.42857142857142
1988,4,1992,497.0
2036,76,2112,26.789473684210527
1918,2,1920,959.0
1941,6,1947,323.5
1945,24,1969,81.04166666666667
1959,17,1976,115.23529411764706
2041,24,2065,85.04166666666667
1922,4,1926,480.5
1973,25,1998,78.92
2028,8,2036,253.5
1997,2,1999,998.5
1914,54,1968,35.44444444444444
1991,17,2008,117.11764705882354
1955,27,1982,72.4074074074074
1991,2,1993,995.5
2044,11,2055,185.8181818181818
1951,16,1967,121.9375
2019,4,2023,504.75
2029,2,2031,1014.5
1926,15,1941,128.4
2013,49,2062,41.08163265306123
1950,4,1954,487.5
1989,16,2005,124.3125
1980,4,1984,495.0
1987,4,1991,496.75
1906,4,1910,476.5
2008,12,2020,167.33333333333334
1927,8,1935,240.875
1980,70,2050,28.285714285714285
1999,27,2026,74.03703703703704
2008,45,2053,44.62222222222222
1995,4,1999,498.75
1961,21,1982,93.38095238095238
1933,20,1953,96.65
1995,3,1998,665.0
1996,5,2001,399.2
1999,98,2097,20.397959183673468
2043,39,2082,52.38461538461539
1972,3,1975,657.3333333333334
1948,19,1967,102.52631578947368
1953,2,1955,976.5
1917,23,1940,83.34782608695652
1996,11,2007,181.45454545454547
1953,62,2015,31.5
1946,2,1948,973.0
1949,6,1955,324.8333333333333
1912,32,1944,59.75
1986,20,2006,99.3
1996,44,2040,45.36363636363637
1916,13,1929,147.3846153846154
1926,8,1934,240.75
2040,2,2042,1020.0
1911,10,1921,191.1
1993,32,2025,62.28125
1939,7,1946,277.0
1942,19,1961,102.21052631578948
1991,20,2011,99.55
2018,16,2034,126.125
2006,5,2011,401.2
1986,2,1988,993.0
1976,22,1998,89.81818181818181
1974,20,1994,98.7
1982,4,1986,495.5
2009,13,2022,154.53846153846155
1943,2,1945,971.5
1877,2,1879,938.5
1935,87,2022,22.24137931034483
2018,8,2026,252.25
1935,4,1939,483.75
2004,11,2015,182.1818181818182
2038,69,2107,29.536231884057973
1990,7,1997,284.2857142857143
1981,39,2020,50.794871794871796
1931,3,1934,643.6666666666666
1907,4,1911,476.75
1937,55,1992,35.21818181818182
1991,5,1996,398.2
1983,16,1999,123.9375
1952,23,1975,84.8695652173913
1931,9,1940,214.55555555555554
1974,12,1986,164.5
1992,6,1998,332.0
1912,4,1916,478.0
1924,6,1930,320.6666666666667
2012,8,2020,251.5
2040,47,2087,43.40425531914894
1958,26,1984,75.3076923076923
1904,20,1924,95.2
2016,87,2103,23.17241379310345
2021,2,2023,1010.5
1916,59,1975,32.47457627118644
1960,19,1979,103.15789473684211
1919,4,1923,479.75
1952,5,1957,390.4
1953,3,1956,651.0
1950,81,2031,24.074074074074073
1991,17,2008,117.11764705882354
1995,4,1999,498.75
1901,15,1916,126.73333333333333
1976,29,2005,68.13793103448276
1971,55,2026,35.836363636363636
1902,88,1990,21.613636363636363
1986,92,2078,21.58695652173913
1915,19,1934,100.78947368421052
1988,11,1999,180.72727272727272
1942,5,1947,388.4
2005,6,2011,334.1666666666667
1920,6,1926,320.0
2010,23,2033,87.3913043478261
2040,11,2051,185.45454545454547
1937,64,2001,30.265625
2016,13,2029,155.07692307692307
2021,15,2036,134.73333333333332
2037,20,2057,101.85
1980,27,2007,73.33333333333333
1903,37,1940,51.432432432432435
1995,23,2018,86.73913043478261
1905,2,1907,952.5
1921,28,1949,68.60714285714286
2019,33,2052,61.18181818181818
2024,23,2047,88.0
1901,8,1909,237.625
1963,14,1977,140.21428571428572
2034,20,2054,101.7
1914,7,1921,273.42857142857144
1927,9,1936,214.11111111111111
1996,13,2009,153.53846153846155
1925,19,1944,101.3157894736842
2004,8,2012,250.5
1932,65,1997,29.723076923076924
2022,2,2024,1011.0
2047,10,2057,204.7
2045,13,2058,157.30769230769232
1977,5,1982,395.4
2046,62,2108,33.0
1998,25,2023,79.92
1901,14,1915,135.78571428571428
2036,8,2044,254.5
1908,9,1917,212.0
2046,10,2056,204.6
1955,6,1961,325.8333333333333
1942,4,1946,485.5
1945,58,2003,33.53448275862069
2018,8,2026,252.25
1945,96,2041,20.260416666666668
2015,42,2057,47.976190476190474
1948,37,1985,52.648648648648646
1902,4,1906,475.5
2029,5,2034,405.8
1911,2,1913,955.5
2030,57,2087,35.6140350877193
2020,21,2041,96.19047619047619
2024,15,2039,134.93333333333334
1999,2,2001,999.5
1968,46,2014,42.78260869565217
2016,2,2018,1008.0
1986,27,2013,73.55555555555556
2039,10,2049,203.9
1925,2,1927,962.5
1943,14,1957,138.78571428571428
2047,5,2052,409.4
1910,2,1912,955.0
2014,2,2016,1007.0
2024,17,2041,119.05882352941177
2022,50,2072,40.44
1968,51,2019,38.588235294117645
2008,7,2015,286.85714285714283
1957,6,1963,326.1666666666667
1911,65,1976,29.4
1908,27,1935,70.66666666666667
1983,9,1992,220.33333333333334
1997,4,2001,499.25
2024,20,2044,101.2
1960,2,1962,980.0
1905,16,1921,119.0625
2036,26,2062,78.3076923076923
1951,4,1955,487.75
2045,8,2053,255.625
1985,4,1989,496.25
1949,6,1955,324.8333333333333
1939,2,1941,969.5
1975,21,1996,94.04761904761905
2036,14,2050,145.42857142857142
2037,10,2047,203.7
1946,13,1959,149.69230769230768
2011,2,2013,1005.5
1927,22,1949,87.5909090909091
1965,2,1967,982.5
1998,4,2002,499.5
1955,21,1976,93.0952380952381
1916,16,1932,119.75
1994,2,1996,997.0
2001,47,2048,42.57446808510638
1938,10,1948,193.8
2005,2,2007,1002.5
2037,5,2042,407.4
2025,111,2136,18.243243243243242
1926,4,1930,481.5
1967,30,1997,65.56666666666666
2008,19,2027,105.6842105263158
1991,61,2052,32.63934426229508
1993,43,2036,46.348837209302324
2002,14,2016,143.0
1991,55,2046,36.2
2005,28,2033,71.60714285714286
1966,14,1980,140.42857142857142
1901,16,1917,118.8125
1953,11,1964,177.54545454545453
2017,39,2056,51.717948717948715
1993,21,2014,94.9047619047619
1954,70,2024,27.914285714285715
1923,32,1955,60.09375
1981,48,2029,41.270833333333336
1903,37,1940,51.432432432432435
1996,12,2008,166.33333333333334
2007,54,2061,37.166666666666664
1952,17,1969,114.82352941176471
2008,13,2021,154.46153846153845
1963,37,2000,53.054054054054056
2007,22,2029,91.22727272727273
1981,31,2012,63.903225806451616
1929,34,1963,56.73529411764706
1904,32,1936,59.5
1953,34,1987,57.44117647058823
1976,11,1987,179.63636363636363
1919,67,1986,28.64179104477612
1954,20,1974,97.7
1427,13,1440,109.76923076923077
1921,48,1969,40.020833333333336
1952,30,1982,65.06666666666666
1940,25,1965,77.6
1960,35,1995,56.0
2047,15,2062,136.46666666666667
2011,82,2093,24.524390243902438
1983,8,1991,247.875
1975,46,2021,42.93478260869565
1940,23,1963,84.34782608695652
1961,31,1992,63.25806451612903
2033,27,2060,75.29629629629629
2026,18,2044,112.55555555555556
1901,40,1941,47.525
1933,17,1950,113.70588235294117
2024,32,2056,63.25
1916,29,1945,66.06896551724138
1900,12,1912,158.33333333333334
1978,26,2004,76.07692307692308
2013,21,2034,95.85714285714286
1968,46,2014,42.78260869565217
1950,47,1997,41.48936170212766
2031,32,2063,63.46875
2039,35,2074,58.25714285714286
1935,23,1958,84.1304347826087
1987,23,2010,86.3913043478261
1978,11,1989,179.8181818181818
1934,24,1958,80.58333333333333
1947,51,1998,38.1764705882353
1982,12,1994,165.16666666666666
2003,32,2035,62.59375
1975,13,1988,151.92307692307693
1989,27,2016,73.66666666666667
2015,33,2048,61.06060606060606
2023,25,2048,80.92
2006,31,2037,64.70967741935483
1945,21,1966,92.61904761904762
2016,16,2032,126.0
1953,8,1961,244.125
1967,18,1985,109.27777777777777
2007,30,2037,66.9
2011,15,2026,134.06666666666666
2025,18,2043,112.5
1915,26,1941,73.65384615384616
1987,11,1998,180.63636363636363
2025,26,2051,77.88461538461539
1987,15,2002,132.46666666666667
1912,39,1951,49.02564102564103
1982,36,2018,55.05555555555556
2026,14,2040,144.71428571428572
1993,22,2015,90.5909090909091
2012,26,2038,77.38461538461539
1917,43,1960,44.58139534883721
1777,28,1805,63.464285714285715
2036,52,2088,39.15384615384615
1972,38,2010,51.89473684210526
1777,23,1800,77.26086956521739
2011,20,2031,100.55
1987,17,2004,116.88235294117646
2016,15,2031,134.4
1928,52,1980,37.07692307692308
1988,14,2002,142.0
2014,20,2034,100.7
2005,19,2024,105.52631578947368
2039,30,2069,67.96666666666667
1908,16,1924,119.25
2001,28,2029,71.46428571428571
2038,23,2061,88.6086956521739
1989,32,2021,62.15625
1901,13,1914,146.23076923076923
1990,18,2008,110.55555555555556
1905,9,1914,211.66666666666666
2020,19,2039,106.3157894736842
2029,36,2065,56.361111111111114
2008,26,2034,77.23076923076923
1956,60,2016,32.6
1915,13,1928,147.30769230769232
1978,12,1990,164.83333333333334
2031,48,2079,42.3125
2037,27,2064,75.44444444444444
1949,44,1993,44.29545454545455
2037,39,2076,52.23076923076923
1955,16,1971,122.1875
1929,37,1966,52.13513513513514
2029,18,2047,112.72222222222223
2003,27,2030,74.18518518518519
1930,15,1945,128.66666666666666
2040,32,2072,63.75
1913,24,1937,79.70833333333333
1967,29,1996,67.82758620689656
1981,14,1995,141.5
1986,27,2013,73.55555555555556
1913,16,1929,119.5625
2015,20,2035,100.75
1938,19,1957,102.0
2030,12,2042,169.16666666666666
1904,12,1916,158.66666666666666
2004,16,2020,125.25
1964,29,1993,67.72413793103448
2023,35,2058,57.8
1969,36,2005,54.69444444444444
2036,33,2069,61.696969696969695
1957,38,1995,51.5
1975,28,2003,70.53571428571429
1941,54,1995,35.94444444444444
1963,53,2016,37.0377358490566
1951,32,1983,60.96875
2025,16,2041,126.5625
1962,32,1994,61.3125
1962,10,1972,196.2
1969,12,1981,164.08333333333334
1988,24,2012,82.83333333333333
1948,12,1960,162.33333333333334
2046,41,2087,49.90243902439025
1983,44,2027,45.06818181818182
1938,13,1951,149.07692307692307
1916,19,1935,100.84210526315789
1998,28,2026,71.35714285714286
1949,39,1988,49.97435897435897
1952,17,1969,114.82352941176471
1953,27,1980,72.33333333333333
1997,13,2010,153.6153846153846
1941,10,1951,194.1
2024,38,2062,53.26315789473684
1977,13,1990,152.07692307692307
1920,36,1956,53.333333333333336
1924,19,1943,101.26315789473684
1978,14,1992,141.28571428571428
1955,25,1980,78.2
1907,46,1953,41.45652173913044
1913,17,1930,112.52941176470588
1989,31,2020,64.16129032258064
1922,11,1933,174.72727272727272
2015,65,2080,31.0
1974,23,1997,85.82608695652173
1979,16,1995,123.6875
2026,41,2067,49.41463414634146
1996,12,2008,166.33333333333334
1970,11,1981,179.0909090909091
1956,29,1985,67.44827586206897
2043,15,2058,136.2
1995,28,2023,71.25
2035,35,2070,58.142857142857146
1927,24,1951,80.29166666666667
1983,18,2001,110.16666666666667
2000,25,2025,80.0
1994,9,2003,221.55555555555554
1930,10,1940,193.0
2036,15,2051,135.73333333333332
1937,26,1963,74.5
2021,57,2078,35.45614035087719
1998,24,2022,83.25
2034,59,2093,34.47457627118644
1989,31,2020,64.16129032258064
1968,18,1986,109.33333333333333
2036,73,2109,27.89041095890411
1938,17,1955,114.0
1934,13,1947,148.76923076923077
1919,8,1927,239.875
1939,42,1981,46.166666666666664
1923,54,1977,35.611111111111114
1965,13,1978,151.15384615384616
1911,26,1937,73.5
1956,22,1978,88.9090909090909
2029,25,2054,81.16
1991,15,2006,132.73333333333332
1999,18,2017,111.05555555555556
2043,35,2078,58.371428571428574
1989,19,2008,104.6842105263158
1927,12,1939,160.58333333333334
2028,16,2044,126.75
2020,25,2045,80.8
1906,57,1963,33.43859649122807
1951,38,1989,51.3421052631579
2039,24,2063,84.95833333333333
2005,20,2025,100.25
1905,36,1941,52.916666666666664
2005,16,2021,125.3125
2008,12,2020,167.33333333333334
2041,24,2065,85.04166666666667
2043,34,2077,60.088235294117645
1962,17,1979,115.41176470588235
1926,51,1977,37.76470588235294
1920,57,1977,33.68421052631579
1986,22,2008,90.27272727272727
2006,32,2038,62.6875
2036,11,2047,185.0909090909091
1978,20,1998,98.9
1954,14,1968,139.57142857142858
2026,9,2035,225.11111111111111
2018,26,2044,77.61538461538461
1944,41,1985,47.41463414634146
1973,24,1997,82.20833333333333
2033,35,2068,58.08571428571429
2038,18,2056,113.22222222222223
2020,18,2038,112.22222222222223
1993,33,2026,60.39393939393939
1925,40,1965,48.125
1900,12,1912,158.33333333333334
1987,14,2001,141.92857142857142
1988,26,2014,76.46153846153847
2017,20,2037,100.85
1938,23,1961,84.26086956521739
2036,23,2059,88.52173913043478
1970,28,1998,70.35714285714286
1913,20,1933,95.65
1916,21,1937,91.23809523809524
2015,15,2030,134.33333333333334
1946,21,1967,92.66666666666667
2026,51,2077,39.72549019607843
1977,23,2000,85.95652173913044
2030,17,2047,119.41176470588235
1938,25,1963,77.52
1940,31,1971,62.58064516129032
1918,19,1937,100.94736842105263
1961,30,1991,65.36666666666666
2028,16,2044,126.75
1941,15,1956,129.4
2017,42,2059,48.023809523809526
1909,52,1961,36.71153846153846
1930,10,1940,193.0
2032,14,2046,145.14285714285714
1990,23,2013,86.52173913043478
1985,37,2022,53.648648648648646
2009,39,2048,51.51282051282051
1989,12,2001,165.75
1958,31,1989,63.16129032258065
1928,21,1949,91.80952380952381
2005,22,2027,91.13636363636364
2024,20,2044,101.2
2048,26,2074,78.76923076923077
2031,24,2055,84.625
1922,23,1945,83.56521739130434
2046,19,2065,107.6842105263158
2019,30,2049,67.3
1977,27,2004,73.22222222222223
1907,40,1947,47.675
1987,16,2003,124.1875
2037,15,2052,135.8
2022,31,2053,65.2258064516129
1930,41,1971,47.073170731707314
2043,12,2055,170.25
1976,22,1998,89.81818181818181
1926,28,1954,68.78571428571429
1995,40,2035,49.875
1910,15,1925,127.33333333333333
1946,33,1979,58.96969696969697
1979,26,2005,76.11538461538461
1946,28,1974,69.5
1987,31,2018,64.09677419354838
2022,25,2047,80.88
1957,19,1976,103.0
1997,27,2024,73.96296296296296
1986,20,2006,99.3
2037,43,2080,47.372093023255815
1903,26,1929,73.1923076923077
1995,35,2030,57.0
1986,38,2024,52.26315789473684
2045,20,2065,102.25
2014,14,2028,143.85714285714286
1952,66,2018,29.575757575757574
2017,41,2058,49.19512195121951
2006,16,2022,125.375
2044,34,2078,60.11764705882353
2047,15,2062,136.46666666666667
1980,10,1990,198.0
2010,17,2027,118.23529411764706
2009,23,2032,87.34782608695652
2022,23,2045,87.91304347826087
1948,56,2004,34.785714285714285
1940,27,1967,71.85185185185185
2022,27,2049,74.88888888888889
1913,5,1918,382.6
1949,5,1954,389.8
1910,3,1913,636.6666666666666
2026,2,2028,1013.0
1900,5,1905,380.0
1940,3,1943,646.6666666666666
1926,6,1932,321.0
1941,7,1948,277.2857142857143
2032,2,2034,1016.0
1954,3,1957,651.3333333333334
1928,5,1933,385.6
1931,4,1935,482.75
2009,4,2013,502.25
1948,3,1951,649.3333333333334
2035,18,2053,113.05555555555556
1905,5,1910,381.0
1941,7,1948,277.2857142857143
1996,7,2003,285.14285714285717
1941,6,1947,323.5
1930,3,1933,643.3333333333334
2007,5,2012,401.4
1985,6,1991,330.8333333333333
2031,3,2034,677.0
1957,5,1962,391.4
2017,7,2024,288.14285714285717
1915,3,1918,638.3333333333334
1928,5,1933,385.6
1928,4,1932,482.0
1950,7,1957,278.57142857142856
2034,5,2039,406.8
1926,5,1931,385.2
1926,6,1932,321.0
2043,4,2047,510.75
1921,7,1928,274.42857142857144
1920,5,1925,384.0
1902,8,1910,237.75
1946,4,1950,486.5
1965,5,1970,393.0
2017,6,2023,336.1666666666667
2048,3,2051,682.6666666666666
2034,4,2038,508.5
1937,13,1950,149.0
1979,7,1986,282.7142857142857
1975,2,1977,987.5
2046,6,2052,341.0
2044,3,2047,681.3333333333334
1957,4,1961,489.25
1982,6,1988,330.3333333333333
1971,29,2000,67.96551724137932
1933,3,1936,644.3333333333334
2026,4,2030,506.5
1942,3,1945,647.3333333333334
1984,2,1986,992.0
1951,4,1955,487.75
1961,5,1966,392.2
1932,2,1934,966.0
2000,3,2003,666.6666666666666
2021,5,2026,404.2
1997,2,1999,998.5
1915,4,1919,478.75
1946,2,1948,973.0
1904,2,1906,952.0
1972,2,1974,986.0
1925,6,1931,320.8333333333333
1912,2,1914,956.0
2009,5,2014,401.8
1908,4,1912,477.0
1938,2,1940,969.0
1954,2,1956,977.0
1978,2,1980,989.0
1919,5,1924,383.8
1949,6,1955,324.8333333333333
1905,3,1908,635.0
2047,3,2050,682.3333333333334
2015,6,2021,335.8333333333333
1996,2,1998,998.0
2011,4,2015,502.75
2021,17,2038,118.88235294117646
1953,4,1957,488.25
1970,5,1975,394.0
1919,7,1926,274.14285714285717
1990,4,1994,497.5
2025,3,2028,675.0
2009,3,2012,669.6666666666666
1984,11,1995,180.36363636363637
1904,2,1906,952.0
1908,5,1913,381.6
1929,5,1934,385.8
2020,2,2022,1010.0
2012,3,2015,670.6666666666666
1950,5,1955,390.0
2014,3,2017,671.3333333333334
2028,2,2030,1014.0
1901,3,1904,633.6666666666666
1964,2,1966,982.0
1962,6,1968,327.0
1910,5,1915,382.0
1958,3,1961,652.6666666666666
1980,5,1985,396.0
2029,4,2033,507.25
1970,4,1974,492.5
1908,6,1914,318.0
2000,3,2003,666.6666666666666
1993,2,1995,996.5
1953,4,1957,488.25
1962,2,1964,981.0
1948,4,1952,487.0
1980,6,1986,330.0
1904,2,1906,952.0
1926,3,1929,642.0
1912,7,1919,273.14285714285717
1922,6,1928,320.3333333333333
1956,3,1959,652.0
1990,2,1992,995.0
1927,3,1930,642.3333333333334
2037,2,2039,1018.5
2000,7,2007,285.7142857142857
1969,22,1991,89.5
1951,4,1955,487.75
1947,5,1952,389.4
2012,3,2015,670.6666666666666
2015,4,2019,503.75
2017,6,2023,336.1666666666667
1956,12,1968,163.0
1923,5,1928,384.6
2028,2,2030,1014.0
2040,9,2049,226.66666666666666
1946,3,1949,648.6666666666666
1931,2,1933,965.5
1768,15,1783,117.86666666666666
1947,3,1950,649.0
1918,2,1920,959.0
1966,5,1971,393.2
2010,6,2016,335.0
1977,4,1981,494.25
1952,4,1956,488.0
1934,4,1938,483.5
1927,3,1930,642.3333333333334
1962,3,1965,654.0
1953,4,1957,488.25
1979,5,1984,395.8
1964,2,1966,982.0
1912,5,1917,382.4
1927,5,1932,385.4
1937,3,1940,645.6666666666666
2039,6,2045,339.8333333333333
2027,2,2029,1013.5
1967,2,1969,983.5
1934,8,1942,241.75
1921,3,1924,640.3333333333334
1928,2,1930,964.0
1951,4,1955,487.75
2029,5,2034,405.8
1963,2,1965,981.5
1956,18,1974,108.66666666666667
1933,3,1936,644.3333333333334
2015,4,2019,503.75
1950,9,1959,216.66666666666666
2027,4,2031,506.75
2026,5,2031,405.2
1926,2,1928,963.0
1992,4,1996,498.0
2008,3,2011,669.3333333333334
2039,6,2045,339.8333333333333
1945,5,1950,389.0
1900,3,1903,633.3333333333334
2004,2,2006,1002.0
2046,3,2049,682.0
1932,4,1936,483.0
1933,10,1943,193.3
1999,4,2003,499.75
1994,5,1999,398.8
2035,5,2040,407.0
2039,6,2045,339.8333333333333
1950,4,1954,487.5
1952,3,1955,650.6666666666666
1991,7,1998,284.42857142857144
1957,2,1959,978.5
2027,10,2037,202.7
1912,2,1914,956.0
2005,4,2009,501.25
2018,6,2024,336.3333333333333
1910,4,1914,477.5
2038,2,2040,1019.0
1982,3,1985,660.6666666666666
1951,2,1953,975.5
1980,5,1985,396.0
1941,4,1945,485.25
1907,7,1914,272.42857142857144
1983,7,1990,283.2857142857143
2025,3,2028,675.0
1918,3,1921,639.3333333333334
2042,6,2048,340.3333333333333
2003,3,2006,667.6666666666666
1978,3,1981,659.3333333333334
2046,6,2052,341.0
2037,2,2039,1018.5
1945,2,1947,972.5
1957,12,1969,163.08333333333334
1904,2,1906,952.0
2021,4,2025,505.25
1929,4,1933,482.25
1952,4,1956,488.0
2014,7,2021,287.7142857142857
1974,5,1979,394.8
1977,4,1981,494.25
1974,6,1980,329.0
1901,2,1903,950.5
1989,3,1992,663.0
1969,11,1980,179.0
1923,4,1927,480.75
1903,4,1907,475.75
1906,3,1909,635.3333333333334
2019,4,2023,504.75
1912,6,1918,318.6666666666667
1938,5,1943,387.6
1921,3,1924,640.3333333333334
1914,5,1919,382.8
1965,9,1974,218.33333333333334
1979,5,1984,395.8
1918,4,1922,479.5
1916,2,1918,958.0
1920,10,1930,192.0
1957,6,1963,326.1666666666667
1908,6,1914,318.0
1980,4,1984,495.0
1985,3,1988,661.6666666666666
2018,2,2020,1009.0
1906,6,1912,317.6666666666667
2036,6,2042,339.3333333333333
2024,3,2027,674.6666666666666
2003,15,2018,133.53333333333333
1974,5,1979,394.8
1906,4,1910,476.5
1961,4,1965,490.25
1991,4,1995,497.75
1989,9,1998,221.0
1982,4,1986,495.5
1943,6,1949,323.8333333333333
2007,2,2009,1003.5
1948,3,1951,649.3333333333334
2001,3,2004,667.0
1913,5,1918,382.6
1907,6,1913,317.8333333333333
1968,3,1971,656.0
2039,2,2041,1019.5
1954,6,1960,325.6666666666667
1976,12,1988,164.66666666666666
1938,5,1943,387.6
1903,4,1907,475.75
2002,4,2006,500.5
1965,5,1970,393.0
1963,16,1979,122.6875
1904,8,1912,238.0
1910,7,1917,272.85714285714283
1945,6,1951,324.1666666666667
2015,3,2018,671.6666666666666
1938,3,1941,646.0
1957,6,1963,326.1666666666667
1984,2,1986,992.0
1976,3,1979,658.6666666666666
2000,3,2003,666.6666666666666
2028,3,2031,676.0
1919,4,1923,479.75
2031,4,2035,507.75
2021,5,2026,404.2
1956,6,1962,326.0
1968,5,1973,393.6
1967,5,1972,393.4
1908,3,1911,636.0
1993,8,2001,249.125
2047,6,2053,341.1666666666667
1976,3,1979,658.6666666666666
2044,3,2047,681.3333333333334
1965,4,1969,491.25
1959,7,1966,279.85714285714283
1978,3,1981,659.3333333333334
1985,6,1991,330.8333333333333
2034,6,2040,339.0
1974,5,1979,394.8
1970,4,1974,492.5
1996,12,2008,166.33333333333334
2024,12,2036,168.66666666666666
1928,4,1932,482.0
1919,2,1921,959.5
2006,2,2008,1003.0
1950,9,1959,216.66666666666666
1944,6,1950,324.0
1953,2,1955,976.5
1970,4,1974,492.5
1995,4,1999,498.75
2034,6,2040,339.0
2013,6,2019,335.5
2012,5,2017,402.4
2004,3,2007,668.0
1953,3,1956,651.0
2038,4,2042,509.5
2013,4,2017,503.25
1987,3,1990,662.3333333333334
1924,4,1928,481.0
1955,2,1957,977.5
2022,4,2026,505.5
1979,4,1983,494.75
1926,5,1931,385.2
1905,5,1910,381.0
1908,5,1913,381.6
1918,6,1924,319.6666666666667
1959,11,1970,178.0909090909091
2041,3,2044,680.3333333333334
2008,7,2015,286.85714285714283
1982,3,1985,660.6666666666666
2028,6,2034,338.0
1924,4,1928,481.0
1923,7,1930,274.7142857142857
2023,4,2027,505.75
1975,4,1979,493.75
2026,4,2030,506.5
2019,4,2023,504.75
1915,7,1922,273.57142857142856
1979,6,1985,329.8333333333333
2038,15,2053,135.86666666666667
2040,4,2044,510.0
2021,6,2027,336.8333333333333
1994,5,1999,398.8
2021,4,2025,505.25
1932,5,1937,386.4
2038,15,2053,135.86666666666667
1957,4,1961,489.25
1912,6,1918,318.6666666666667
2015,5,2020,403.0
2045,5,2050,409.0
1961,3,1964,653.6666666666666
1963,4,1967,490.75
1958,11,1969,178.0
1908,4,1912,477.0
1972,4,1976,493.0
1928,3,1931,642.6666666666666
1998,7,2005,285.42857142857144
1986,6,1992,331.0
2006,5,2011,401.2
1988,5,1993,397.6
1936,4,1940,484.0
1998,4,2002,499.5
2016,8,2024,252.0
1932,3,1935,644.0
2006,3,2009,668.6666666666666
1940,4,1944,485.0
1959,6,1965,326.5
1909,7,1916,272.7142857142857
1995,2,1997,997.5
2018,2,2020,1009.0
2016,9,2025,224.0
1929,4,1933,482.25
1984,7,1991,283.42857142857144
1966,4,1970,491.5
1933,4,1937,483.25
1976,6,1982,329.3333333333333
1909,5,1914,381.8
1950,4,1954,487.5
2034,3,2037,678.0
1974,4,1978,493.5
1966,5,1971,393.2
1960,9,1969,217.77777777777777
1920,4,1924,480.0
2017,4,2021,504.25
1929,4,1933,482.25
2036,6,2042,339.3333333333333
2024,7,2031,289.14285714285717
1982,3,1985,660.6666666666666
1946,6,1952,324.3333333333333
1978,7,1985,282.57142857142856
2028,5,2033,405.6
1926,2,1928,963.0
1900,5,1905,380.0
1952,4,1956,488.0
1956,6,1962,326.0
1992,5,1997,398.4
2037,3,2040,679.0
1945,7,1952,277.85714285714283
1995,4,1999,498.75
1985,5,1990,397.0
1959,7,1966,279.85714285714283
1979,4,1983,494.75
1949,8,1957,243.625
2031,5,2036,406.2
1914,5,1919,382.8
1996,6,2002,332.6666666666667
1965,3,1968,655.0
1974,4,1978,493.5
1999,6,2005,333.1666666666667
1968,4,1972,492.0
1921,4,1925,480.25
1914,5,1919,382.8
1900,4,1904,475.0
1933,3,1936,644.3333333333334
1958,7,1965,279.7142857142857
2043,5,2048,408.6
1900,3,1903,633.3333333333334
2038,6,2044,339.6666666666667
1932,4,1936,483.0
1973,9,1982,219.22222222222223
1944,19,1963,102.3157894736842
1941,28,1969,69.32142857142857
2024,13,2037,155.69230769230768
1909,45,1954,42.422222222222224
2027,2,2029,1013.5
1979,37,2016,53.486486486486484
2041,18,2059,113.38888888888889
1961,22,1983,89.13636363636364
1991,11,2002,181.0
1930,8,1938,241.25
1953,2,1955,976.5
1956,7,1963,279.42857142857144
1939,37,1976,52.4054054054054
1939,2,1941,969.5
1971,22,1993,89.5909090909091
2032,8,2040,254.0
2022,14,2036,144.42857142857142
1978,29,2007,68.20689655172414
2014,53,2067,38.0
1975,9,1984,219.44444444444446
1949,19,1968,102.57894736842105
1987,12,1999,165.58333333333334
1952,13,1965,150.15384615384616
1934,25,1959,77.36
2018,4,2022,504.5
2022,4,2026,505.5
1941,4,1945,485.25
2031,4,2035,507.75
1956,5,1961,391.2
2010,89,2099,22.584269662921347
1999,57,2056,35.07017543859649
1970,5,1975,394.0
1955,21,1976,93.0952380952381
1989,5,1994,397.8
1978,4,1982,494.5
2018,2,2020,1009.0
1933,32,1965,60.40625
2010,23,2033,87.3913043478261
1996,20,2016,99.8
2014,29,2043,69.44827586206897
2004,2,2006,1002.0
1954,17,1971,114.94117647058823
1913,12,1925,159.41666666666666
1965,22,1987,89.31818181818181
2045,55,2100,37.18181818181818
2033,16,2049,127.0625
1912,36,1948,53.111111111111114
2023,94,2117,21.52127659574468
2047,45,2092,45.48888888888889
1912,2,1914,956.0
2005,2,2007,1002.5
1944,2,1946,972.0
1877,7,1884,268.14285714285717
1903,13,1916,146.3846153846154
1964,4,1968,491.0
1945,13,1958,149.6153846153846
1917,30,1947,63.9
1908,15,1923,127.2
1969,2,1971,984.5
1985,31,2016,64.03225806451613
1905,15,1920,127.0
1976,56,2032,35.285714285714285
2000,4,2004,500.0
1926,15,1941,128.4
1997,3,2000,665.6666666666666
2004,3,2007,668.0
1984,8,1992,248.0
1952,19,1971,102.73684210526316
1963,4,1967,490.75
1942,4,1946,485.5
2013,87,2100,23.137931034482758
1998,88,2086,22.704545454545453
1980,5,1985,396.0
2015,7,2022,287.85714285714283
2036,4,2040,509.0
1937,2,1939,968.5
2045,6,2051,340.8333333333333
1924,24,1948,80.16666666666667
1972,11,1983,179.27272727272728
2015,2,2017,1007.5
1929,8,1937,241.125
1934,69,2003,28.028985507246375
1977,21,1998,94.14285714285714
2036,37,2073,55.027027027027025
1963,10,1973,196.3
2028,6,2034,338.0
1987,66,2053,30.106060606060606
2005,6,2011,334.1666666666667
2046,52,2098,39.34615384615385
1985,4,1989,496.25
1917,22,1939,87.13636363636364
1992,2,1994,996.0
2026,13,2039,155.84615384615384
1903,11,1914,173.0
1928,2,1930,964.0
1937,2,1939,968.5
1934,10,1944,193.4
1965,15,1980,131.0
1970,35,2005,56.285714285714285
1932,132,2064,14.636363636363637
1961,4,1965,490.25
1941,28,1969,69.32142857142857
1989,2,1991,994.5
1987,12,1999,165.58333333333334
2028,32,2060,63.375
1956,7,1963,279.42857142857144
1960,26,1986,75.38461538461539
1911,11,1922,173.72727272727272
2031,50,2081,40.62
1949,38,1987,51.28947368421053
2039,4,2043,509.75
2025,14,2039,144.64285714285714
1995,81,2076,24.62962962962963
1944,2,1946,972.0
2001,4,2005,500.25
2020,22,2042,91.81818181818181
2026,4,2030,506.5
1952,2,1954,976.0
2014,2,2016,1007.0
2039,47,2086,43.38297872340426
1998,21,2019,95.14285714285714
1977,2,1979,988.5
1958,31,1989,63.16129032258065
1930,22,1952,87.72727272727273
2032,71,2103,28.619718309859156
2018,17,2035,118.70588235294117
2006,48,2054,41.791666666666664
1969,11,1980,179.0
1980,27,2007,73.33333333333333
1922,30,1952,64.06666666666666
1924,7,1931,274.85714285714283
1938,27,1965,71.77777777777777
1957,2,1959,978.5
2026,16,2042,126.625
2036,5,2041,407.2
1946,30,1976,64.86666666666666
1915,8,1923,239.375
2017,24,2041,84.04166666666667
1947,12,1959,162.25
2034,96,2130,21.1875
2023,59,2082,34.28813559322034
1933,20,1953,96.65
1906,20,1926,95.3
1960,16,1976,122.5
1947,27,1974,72.11111111111111
1950,115,2065,16.956521739130434
1908,51,1959,37.411764705882355
1987,51,2038,38.96078431372549
1989,53,2042,37.528301886792455
2023,11,2034,183.9090909090909
1979,164,2143,12.067073170731707
1984,51,2035,38.90196078431372
2044,17,2061,120.23529411764706
1985,4,1989,496.25
1982,32,2014,61.9375
1921,35,1956,54.885714285714286
1977,15,1992,131.8
2003,2,2005,1001.5
1918,7,1925,274.0
2025,15,2040,135.0
1981,41,2022,48.31707317073171
1989,4,1993,497.25
2010,4,2014,502.5
1924,17,1941,113.17647058823529
1930,47,1977,41.06382978723404
1904,10,1914,190.4
1939,25,1964,77.56
2036,40,2076,50.9
2044,75,2119,27.253333333333334
1993,29,2022,68.72413793103448
1961,27,1988,72.62962962962963
1906,2,1908,953.0
1920,26,1946,73.84615384615384
2043,3,2046,681.0
1926,9,1935,214.0
1978,11,1989,179.8181818181818
2009,4,2013,502.25
1998,16,2014,124.875
1974,2,1976,987.0
1982,11,1993,180.1818181818182
2022,34,2056,59.470588235294116
1915,32,1947,59.84375
1960,5,1965,392.0
1969,7,1976,281.2857142857143
1984,23,2007,86.26086956521739
2005,10,2015,200.5
1983,13,1996,152.53846153846155
1914,4,1918,478.5
1921,17,1938,113.0
1919,9,1928,213.22222222222223
1910,5,1915,382.0
1980,3,1983,660.0
2045,3,2048,681.6666666666666
1934,2,1936,967.0
1913,2,1915,956.5
1977,5,1982,395.4
1967,14,1981,140.5
1957,7,1964,279.57142857142856
2032,7,2039,290.2857142857143
1982,15,1997,132.13333333333333
2041,20,2061,102.05
1954,13,1967,150.30769230769232
1952,42,1994,46.476190476190474
1935,10,1945,193.5
2014,33,2047,61.03030303030303
1996,11,2007,181.45454545454547
1939,16,1955,121.1875
1920,14,1934,137.14285714285714
1967,47,2014,41.851063829787236
1996,25,2021,79.84
1983,54,2037,36.72222222222222
1984,14,1998,141.71428571428572
1975,17,1992,116.17647058823529
2011,27,2038,74.48148148148148
1984,24,2008,82.66666666666667
1949,29,1978,67.20689655172414
1904,33,1937,57.696969696969695
2008,25,2033,80.32
1937,25,1962,77.48
1980,13,1993,152.30769230769232
1918,18,1936,106.55555555555556
1933,22,1955,87.86363636363636
1959,23,1982,85.17391304347827
1731,34,1765,50.911764705882355
1932,32,1964,60.375
2023,18,2041,112.38888888888889
1979,30,2009,65.96666666666667
1911,10,1921,191.1
2013,35,2048,57.51428571428571
2012,10,2022,201.2
2038,9,2047,226.44444444444446
1937,18,1955,107.61111111111111
2028,18,2046,112.66666666666667
1997,23,2020,86.82608695652173
1921,36,1957,53.361111111111114
1960,40,2000,49.0
2017,17,2034,118.6470588235294
2006,46,2052,43.608695652173914
2040,20,2060,102.0
1983,25,2008,79.32
2042,14,2056,145.85714285714286
1957,37,1994,52.891891891891895
1911,14,1925,136.5
1905,13,1918,146.53846153846155
1970,28,1998,70.35714285714286
2002,15,2017,133.46666666666667
1936,61,1997,31.737704918032787
1956,25,1981,78.24
1958,14,1972,139.85714285714286
2006,20,2026,100.3
2028,7,2035,289.7142857142857
1944,9,1953,216.0
1937,12,1949,161.41666666666666
1912,38,1950,50.31578947368421
1961,23,1984,85.26086956521739
1924,17,1941,113.17647058823529
1901,18,1919,105.61111111111111
1961,47,2008,41.723404255319146
1929,9,1938,214.33333333333334
1916,21,1937,91.23809523809524
1910,25,1935,76.4
1949,5,1954,389.8
1963,32,1995,61.34375
1939,27,1966,71.81481481481481
1955,13,1968,150.3846153846154
1986,14,2000,141.85714285714286
2004,21,2025,95.42857142857143
2035,18,2053,113.05555555555556
2004,10,2014,200.4
1920,13,1933,147.69230769230768
1994,19,2013,104.94736842105263
1922,9,1931,213.55555555555554
1980,29,2009,68.27586206896552
1999,36,2035,55.52777777777778
1931,25,1956,77.24
2030,22,2052,92.27272727272727
1983,20,2003,99.15
1913,18,1931,106.27777777777777
1919,21,1940,91.38095238095238
1912,23,1935,83.1304347826087
1975,37,2012,53.37837837837838
1976,18,1994,109.77777777777777
1909,19,1928,100.47368421052632
1943,28,1971,69.39285714285714
1927,25,1952,77.08
1995,33,2028,60.45454545454545
1990,18,2008,110.55555555555556
1972,24,1996,82.16666666666667
1943,10,1953,194.3
2016,9,2025,224.0
2009,25,2034,80.36
1948,11,1959,177.0909090909091
1962,32,1994,61.3125
1923,16,1939,120.1875
1931,22,1953,87.77272727272727
2006,15,2021,133.73333333333332
1940,19,1959,102.10526315789474
2027,8,2035,253.375
2032,29,2061,70.06896551724138
2016,26,2042,77.53846153846153
2038,37,2075,55.08108108108108
2034,35,2069,58.114285714285714
1945,33,1978,58.93939393939394
1900,8,1908,237.5
1924,14,1938,137.42857142857142
1904,22,1926,86.54545454545455
2023,24,2047,84.29166666666667
1939,15,1954,129.26666666666668
1952,20,1972,97.6
1984,8,1992,248.0
2046,27,2073,75.77777777777777
1913,30,1943,63.766666666666666
1921,13,1934,147.76923076923077
2029,22,2051,92.22727272727273
2033,12,2045,169.41666666666666
1965,8,1973,245.625
1932,18,1950,107.33333333333333
1966,23,1989,85.47826086956522
1984,46,2030,43.130434782608695
2008,21,2029,95.61904761904762
1930,14,1944,137.85714285714286
2000,28,2028,71.42857142857143
1901,40,1941,47.525
1972,32,2004,61.625
2041,24,2065,85.04166666666667
1976,21,1997,94.0952380952381
2006,19,2025,105.57894736842105
1981,14,1995,141.5
2026,14,2040,144.71428571428572
1978,26,2004,76.07692307692308
1913,27,1940,70.85185185185185
1904,36,1940,52.888888888888886
2026,22,2048,92.0909090909091
1932,12,1944,161.0
1931,32,1963,60.34375
1908,21,1929,90.85714285714286
1953,18,1971,108.5
1964,35,1999,56.114285714285714
1958,23,1981,85.1304347826087
1930,8,1938,241.25
2032,47,2079,43.234042553191486
1957,60,2017,32.61666666666667
1948,39,1987,49.94871794871795
2029,18,2047,112.72222222222223
1975,7,1982,282.14285714285717
2010,17,2027,118.23529411764706
1975,26,2001,75.96153846153847
2018,13,2031,155.23076923076923
2022,30,2052,67.4
2046,29,2075,70.55172413793103
2007,27,2034,74.33333333333333
1954,17,1971,114.94117647058823
1952,40,1992,48.8
1901,19,1920,100.05263157894737
1955,17,1972,115.0
1993,16,2009,124.5625
1942,12,1954,161.83333333333334
1978,20,1998,98.9
1955,26,1981,75.1923076923077
1908,13,1921,146.76923076923077
2042,15,2057,136.13333333333333
2011,43,2054,46.76744186046512
2004,22,2026,91.0909090909091
2038,46,2084,44.30434782608695
1986,33,2019,60.18181818181818
1954,23,1977,84.95652173913044
1933,15,1948,128.86666666666667
1975,35,2010,56.42857142857143
1922,27,1949,71.18518518518519
1933,40,1973,48.325
1915,14,1929,136.78571428571428
1984,32,2016,62.0
1912,39,1951,49.02564102564103
1933,21,1954,92.04761904761905
1917,19,1936,100.89473684210526
2035,27,2062,75.37037037037037
1928,32,1960,60.25
1928,26,1954,74.15384615384616
1912,35,1947,54.628571428571426
1930,8,1938,241.25
1937,23,1960,84.21739130434783
1996,18,2014,110.88888888888889
1978,17,1995,116.3529411764706
1907,26,1933,73.34615384615384
2012,9,2021,223.55555555555554
1926,28,1954,68.78571428571429
1948,28,1976,69.57142857142857
2030,20,2050,101.5
2043,25,2068,81.72
1903,18,1921,105.72222222222223
1959,27,1986,72.55555555555556
1942,23,1965,84.43478260869566
1902,28,1930,67.92857142857143
2046,34,2080,60.1764705882353
2012,24,2036,83.83333333333333
1967,30,1997,65.56666666666666
1974,26,2000,75.92307692307692
1946,37,1983,52.5945945945946
2030,34,2064,59.705882352941174
2000,32,2032,62.5
1980,29,2009,68.27586206896552
1926,18,1944,107.0
1942,27,1969,71.92592592592592
1930,20,1950,96.5
2040,14,2054,145.71428571428572
1937,15,1952,129.13333333333333
2021,24,2045,84.20833333333333
1939,21,1960,92.33333333333333
1902,29,1931,65.58620689655173
1908,30,1938,63.6
1976,29,2005,68.13793103448276
1955,15,1970,130.33333333333334
1930,24,1954,80.41666666666667
1966,13,1979,151.23076923076923
1966,13,1979,151.23076923076923
2015,51,2066,39.509803921568626
2024,11,2035,184.0
1956,18,1974,108.66666666666667
1969,41,2010,48.02439024390244
2042,28,2070,72.92857142857143
2011,20,2031,100.55
2016,7,2023,288.0
1977,24,2001,82.375
2013,32,2045,62.90625
1956,24,1980,81.5
2039,41,2080,49.73170731707317
2007,29,2036,69.20689655172414
1927,27,1954,71.37037037037037
2007,51,2058,39.35294117647059
2000,20,2020,100.0
1951,25,1976,78.04
1931,19,1950,101.63157894736842
1993,29,2022,68.72413793103448
2044,31,2075,65.93548387096774
1962,35,1997,56.05714285714286
1905,36,1941,52.916666666666664
2028,15,2043,135.2
1917,43,1960,44.58139534883721
1905,12,1917,158.75
2004,38,2042,52.73684210526316
1991,27,2018,73.74074074074075
1951,23,1974,84.82608695652173
1952,61,2013,32.0
1984,38,2022,52.21052631578947
2011,8,2019,251.375
1927,15,1942,128.46666666666667
1911,36,1947,53.083333333333336
2025,56,2081,36.160714285714285
2010,12,2022,167.5
1978,44,2022,44.95454545454545
1969,23,1992,85.6086956521739
1999,14,2013,142.78571428571428
1971,27,1998,73.0
1998,25,2023,79.92
2048,17,2065,120.47058823529412
1939,34,1973,57.029411764705884
1932,23,1955,84.0
1904,15,1919,126.93333333333334
1917,10,1927,191.7
1944,17,1961,114.3529411764706
1910,21,1931,90.95238095238095
1981,25,2006,79.24
1993,10,2003,199.3
2035,32,2067,63.59375
2019,23,2042,87.78260869565217
2011,21,2032,95.76190476190476
1951,24,1975,81.29166666666667
2002,12,2014,166.83333333333334
1915,24,1939,79.79166666666667
1991,8,1999,248.875
2028,12,2040,169.0
1998,12,2010,166.5
2017,14,2031,144.07142857142858
2045,22,2067,92.95454545454545
2003,74,2077,27.06756756756757
2045,19,2064,107.63157894736842
1964,34,1998,57.76470588235294
1928,22,1950,87.63636363636364
1944,20,1964,97.2
1973,18,1991,109.61111111111111
1943,35,1978,55.51428571428571
2041,18,2059,113.38888888888889
2048,30,2078,68.26666666666667
2038,25,2063,81.52
2003,20,2023,100.15
1965,24,1989,81.875
1935,19,1954,101.84210526315789
2047,16,2063,127.9375
1920,23,1943,83.47826086956522
1979,19,1998,104.15789473684211
2011,27,2038,74.48148148148148
1977,13,1990,152.07692307692307
2011,22,2033,91.4090909090909
1900,33,1933,57.57575757575758
2027,41,2068,49.4390243902439
1952,26,1978,75.07692307692308
2034,25,2059,81.36
1972,5,1977,394.4
1951,13,1964,150.07692307692307
1022,361,1383,2.8310249307479225
2031,240,2271,8.4625
630,235,865,2.6808510638297873
1924,369,2293,5.21409214092141
915,405,1320,2.259259259259259
1992,135,2127,14.755555555555556
1997,181,2178,11.033149171270718
929,164,1093,5.664634146341464
1865,306,2171,6.094771241830065
1307,271,1578,4.822878228782288
1980,204,2184,9.705882352941176
458,128,586,3.578125
697,268,965,2.6007462686567164
1926,373,2299,5.163538873994638
2028,394,2422,5.147208121827411
2006,391,2397,5.130434782608695
1852,186,2038,9.956989247311828
788,246,1034,3.203252032520325
1479,315,1794,4.695238095238095
1956,164,2120,11.926829268292684
1987,381,2368,5.215223097112861
1985,277,2262,7.166064981949458
1712,307,2019,5.576547231270358
1924,197,2121,9.766497461928934
1209,293,1502,4.126279863481229
1798,131,1929,13.725190839694656
1986,329,2315,6.036474164133739
1617,243,1860,6.654320987654321
1965,362,2327,5.428176795580111
1987,355,2342,5.597183098591549
1767,304,2071,5.8125
1972,239,2211,8.251046025104603
1362,249,1611,5.469879518072289
1912,313,2225,6.108626198083067
1152,374,1526,3.0802139037433154
1439,323,1762,4.455108359133127
986,207,1193,4.763285024154589
1686,240,1926,7.025
1464,180,1644,8.133333333333333
1145,290,1435,3.9482758620689653
1933,423,2356,4.569739952718676
1972,217,2189,9.087557603686635
1800,293,2093,6.143344709897611
1970,279,2249,7.060931899641577
379,320,699,1.184375
1902,268,2170,7.097014925373134
1961,410,2371,4.782926829268293
1992,255,2247,7.811764705882353
1985,289,2274,6.868512110726644
1929,151,2080,12.774834437086092
2015,178,2193,11.320224719101123
1253,345,1598,3.6318840579710145
1515,293,1808,5.170648464163823
1120,271,1391,4.132841328413284
1773,297,2070,5.96969696969697
961,129,1090,7.449612403100775
1396,365,1761,3.824657534246575
1985,312,2297,6.362179487179487
1923,264,2187,7.284090909090909
994,344,1338,2.88953488372093
1866,374,2240,4.989304812834225
609,131,740,4.648854961832061
2019,261,2280,7.735632183908046
1978,306,2284,6.4640522875816995
2007,238,2245,8.432773109243698
1563,359,1922,4.353760445682451
2048,230,2278,8.904347826086957
358,142,500,2.5211267605633805
1636,504,2140,3.246031746031746
914,198,1112,4.616161616161616
1227,200,1427,6.135
1890,352,2242,5.369318181818182
2003,407,2410,4.921375921375922
1686,359,2045,4.696378830083566
785,132,917,5.946969696969697
2039,319,2358,6.391849529780564
1729,213,1942,8.11737089201878
972,234,1206,4.153846153846154
1942,282,2224,6.886524822695035
2021,293,2314,6.897610921501706
1658,136,1794,12.191176470588236
1902,245,2147,7.763265306122449
1995,351,2346,5.683760683760684
1970,362,2332,5.441988950276243
1969,248,2217,7.939516129032258
942,190,1132,4.957894736842105
1944,280,2224,6.942857142857143
1136,226,1362,5.0265486725663715
863,211,1074,4.090047393364929
1925,135,2060,14.25925925925926
1676,361,2037,4.642659279778393
693,152,845,4.559210526315789
1292,214,1506,6.037383177570093
1986,361,2347,5.501385041551247
1184,311,1495,3.807073954983923
381,114,495,3.3421052631578947
1077,300,1377,3.59
841,306,1147,2.7483660130718954
749,230,979,3.256521739130435
1838,231,2069,7.956709956709957
2017,277,2294,7.281588447653429
1948,251,2199,7.760956175298805
2048,155,2203,13.212903225806452
1992,568,2560,3.507042253521127
1968,398,2366,4.944723618090452
1909,318,2227,6.00314465408805
1934,386,2320,5.010362694300518
1901,328,2229,5.795731707317073
1994,373,2367,5.345844504021447
2013,373,2386,5.396782841823057
1973,537,2510,3.6741154562383613
2044,302,2346,6.768211920529802
1979,350,2329,5.654285714285714
1984,246,2230,8.065040650406504
1945,388,2333,5.012886597938144
1903,587,2490,3.24190800681431
2048,364,2412,5.626373626373627
1975,350,2325,5.642857142857143
1941,365,2306,5.317808219178082
1906,361,2267,5.2797783933518
2012,271,2283,7.424354243542435
2013,455,2468,4.4241758241758244
1930,196,2126,9.846938775510203
2011,304,2315,6.615131578947368
2021,388,2409,5.208762886597938
1921,233,2154,8.244635193133048
1909,606,2515,3.15016501650165
2019,256,2275,7.88671875
2011,396,2407,5.078282828282828
1957,226,2183,8.65929203539823
1970,412,2382,4.781553398058253
1932,417,2349,4.633093525179856
2022,624,2646,3.2403846153846154
2014,470,2484,4.285106382978723
1922,324,2246,5.932098765432099
1990,368,2358,5.407608695652174
2006,406,2412,4.940886699507389
2038,365,2403,5.583561643835616
1979,380,2359,5.207894736842105
2027,272,2299,7.452205882352941
2021,340,2361,5.944117647058824
2015,314,2329,6.417197452229299
1980,316,2296,6.265822784810126
2045,362,2407,5.649171270718232
1979,332,2311,5.960843373493976
1921,709,2630,2.7094499294781382
1929,564,2493,3.4202127659574466
1927,319,2246,6.040752351097178
1919,338,2257,5.677514792899408
1963,345,2308,5.689855072463768
2008,359,2367,5.593314763231198
2012,398,2410,5.055276381909548
1917,338,2255,5.671597633136095
2019,371,2390,5.442048517520216
1905,290,2195,6.568965517241379
2038,563,2601,3.619893428063943
1945,204,2149,9.534313725490197
1936,512,2448,3.78125
2005,342,2347,5.862573099415204
2043,338,2381,6.044378698224852
1984,355,2339,5.588732394366197
1942,482,2424,4.029045643153527
1985,401,2386,4.950124688279302
1940,345,2285,5.6231884057971016
1962,347,2309,5.654178674351585
2023,491,2514,4.120162932790224
2000,393,2393,5.089058524173028
1943,183,2126,10.617486338797814
1924,483,2407,3.9834368530020705
1993,352,2345,5.661931818181818
1940,335,2275,5.791044776119403
2016,345,2361,5.843478260869565
1924,290,2214,6.63448275862069
1938,337,2275,5.750741839762611
1985,299,2284,6.638795986622074
1909,385,2294,4.958441558441558
1929,476,2405,4.052521008403361
1976,355,2331,5.566197183098591
1979,477,2456,4.148846960167715
1970,303,2273,6.5016501650165015
1944,303,2247,6.415841584158416
1953,241,2194,8.103734439834025
2000,391,2391,5.115089514066496
2020,361,2381,5.595567867036011
2042,269,2311,7.591078066914498
1905,365,2270,5.219178082191781
1968,521,2489,3.777351247600768
2002,454,2456,4.409691629955947
2045,338,2383,6.050295857988166
1928,647,2575,2.979907264296754
1976,336,2312,5.880952380952381
1994,352,2346,5.6647727272727275
2038,394,2432,5.1725888324873095
2041,314,2355,6.5
1997,394,2391,5.068527918781726
1973,553,2526,3.5678119349005426
1975,313,2288,6.3099041533546325
1920,400,2320,4.8
2014,312,2326,6.455128205128205
1957,344,2301,5.688953488372093
1974,291,2265,6.783505154639175
2021,391,2412,5.168797953964194
1905,359,2264,5.306406685236769
1961,175,2136,11.205714285714286
1904,272,2176,7.0
1928,760,2688,2.536842105263158
1905,238,2143,8.004201680672269
1985,368,2353,5.394021739130435
2008,204,2212,9.843137254901961
1936,319,2255,6.068965517241379
1976,336,2312,5.880952380952381
1910,355,2265,5.380281690140845
1926,291,2217,6.618556701030927
1925,264,2189,7.291666666666667
1978,181,2159,10.92817679558011
2019,181,2200,11.154696132596685
1978,531,2509,3.725047080979284
1935,274,2209,7.062043795620438
2009,437,2446,4.5972540045766594
1965,693,2658,2.8354978354978355
1992,353,2345,5.643059490084986
1966,370,2336,5.313513513513514
2007,398,2405,5.042713567839196
2007,266,2273,7.545112781954887
2048,350,2398,5.851428571428571
2032,302,2334,6.728476821192053
1979,277,2256,7.144404332129964
2047,225,2272,9.097777777777777
2023,359,2382,5.635097493036212
2011,340,2351,5.9147058823529415
1960,470,2430,4.170212765957447
1945,315,2260,6.174603174603175
2016,268,2284,7.522388059701493
1973,334,2307,5.907185628742515
1934,575,2509,3.3634782608695653
1924,355,2279,5.419718309859155
2044,510,2554,4.007843137254902
1946,373,2319,5.2171581769437
1933,475,2408,4.069473684210526
1964,339,2303,5.793510324483776
1972,335,2307,5.886567164179104
1970,568,2538,3.4683098591549295
1927,358,2285,5.38268156424581
1981,353,2334,5.611898016997167
1928,195,2123,9.887179487179488
1901,564,2465,3.370567375886525
1950,623,2573,3.130016051364366
1916,305,2221,6.281967213114754
2047,236,2283,8.673728813559322
1981,338,2319,5.8609467455621305
2035,416,2451,4.891826923076923
1911,426,2337,4.485915492957746
1968,324,2292,6.074074074074074
2024,473,2497,4.27906976744186
2009,278,2287,7.226618705035971
1930,333,2263,5.7957957957957955
1943,489,2432,3.9734151329243352
1965,410,2375,4.7926829268292686
1949,388,2337,5.02319587628866
1959,324,2283,6.046296296296297
1980,315,2295,6.285714285714286
1946,324,2270,6.006172839506172
1909,310,2219,6.158064516129032
1913,358,2271,5.343575418994414
1900,373,2273,5.093833780160858
1950,320,2270,6.09375
1924,734,2658,2.6212534059945503
1912,325,2237,5.883076923076923
2026,402,2428,5.039800995024875
1923,325,2248,5.9169230769230765
1978,307,2285,6.44299674267101
1950,602,2552,3.2392026578073088
2029,270,2299,7.514814814814815
1991,178,2169,11.185393258426966
2009,618,2627,3.250809061488673
1940,369,2309,5.257452574525745
1961,217,2178,9.036866359447005
2028,422,2450,4.805687203791469
2042,379,2421,5.387862796833773
2048,282,2330,7.26241134751773
1942,348,2290,5.580459770114943
2016,359,2375,5.6155988857938715
1998,323,2321,6.185758513931889
1951,449,2400,4.3452115812917596
1913,272,2185,7.033088235294118
2035,416,2451,4.891826923076923
2009,385,2394,5.218181818181818
2045,274,2319,7.463503649635037
2026,310,2336,6.535483870967742
1938,339,2277,5.716814159292035
2004,312,2316,6.423076923076923
2031,380,2411,5.344736842105263
2030,392,2422,5.178571428571429
1919,286,2205,6.70979020979021
1944,4,1948,486.0
2047,5,2052,409.4
1943,8,1951,242.875
1128,2,1130,564.0
1941,4,1945,485.25
2005,7,2012,286.42857142857144
1992,4,1996,498.0
2008,14,2022,143.42857142857142
2006,6,2012,334.3333333333333
1974,3,1977,658.0
1952,8,1960,244.0
2003,3,2006,667.6666666666666
171,14,185,12.214285714285714
2006,6,2012,334.3333333333333
2028,5,2033,405.6
1957,4,1961,489.25
2017,2,2019,1008.5
1921,4,1925,480.25
1902,4,1906,475.5
2021,3,2024,673.6666666666666
2034,4,2038,508.5
1909,12,1921,159.08333333333334
1983,4,1987,495.75
1986,6,1992,331.0
1983,3,1986,661.0
2023,5,2028,404.6
2047,4,2051,511.75
1972,7,1979,281.7142857142857
2047,9,2056,227.44444444444446
2035,7,2042,290.7142857142857
1918,30,1948,63.93333333333333
1915,7,1922,273.57142857142856
1917,5,1922,383.4
1975,10,1985,197.5
1947,5,1952,389.4
1969,5,1974,393.8
1962,5,1967,392.4
1922,3,1925,640.6666666666666
1924,7,1931,274.85714285714283
2046,6,2052,341.0
1948,4,1952,487.0
1908,5,1913,381.6
1977,7,1984,282.42857142857144
1277,4,1281,319.25
1965,2,1967,982.5
1921,4,1925,480.25
2030,5,2035,406.0
1908,9,1917,212.0
1904,3,1907,634.6666666666666
1933,6,1939,322.1666666666667
1959,3,1962,653.0
1921,3,1924,640.3333333333334
2008,6,2014,334.6666666666667
1933,5,1938,386.6
1989,5,1994,397.8
1919,3,1922,639.6666666666666
1952,4,1956,488.0
1958,4,1962,489.5
2021,4,2025,505.25
717,5,722,143.4
1923,2,1925,961.5
2033,3,2036,677.6666666666666
1957,6,1963,326.1666666666667
2030,7,2037,290.0
2018,2,2020,1009.0
1940,5,1945,388.0
2017,2,2019,1008.5
1995,21,2016,95.0
1963,10,1973,196.3
1935,5,1940,387.0
1928,3,1931,642.6666666666666
1978,2,1980,989.0
2024,4,2028,506.0
2029,5,2034,405.8
1915,2,1917,957.5
2003,5,2008,400.6
1955,3,1958,651.6666666666666
2010,4,2014,502.5
2016,4,2020,504.0
1932,6,1938,322.0
1998,6,2004,333.0
1910,6,1916,318.3333333333333
2043,4,2047,510.75
1900,4,1904,475.0
2028,2,2030,1014.0
1963,3,1966,654.3333333333334
2036,3,2039,678.6666666666666
2048,5,2053,409.6
1993,2,1995,996.5
1907,4,1911,476.75
1933,6,1939,322.1666666666667
1922,2,1924,961.0
2034,3,2037,678.0
1927,2,1929,963.5
1956,2,1958,978.0
1942,6,1948,323.6666666666667
1999,4,2003,499.75
1995,2,1997,997.5
1952,6,1958,325.3333333333333
1918,5,1923,383.6
2004,4,2008,501.0
1950,4,1954,487.5
1936,5,1941,387.2
1959,9,1968,217.66666666666666
2020,5,2025,404.0
2005,6,2011,334.1666666666667
1976,7,1983,282.2857142857143
1990,4,1994,497.5
1940,7,1947,277.14285714285717
1970,4,1974,492.5
1976,2,1978,988.0
2001,3,2004,667.0
1995,4,1999,498.75
1961,7,1968,280.14285714285717
1962,6,1968,327.0
1950,2,1952,975.0
2005,5,2010,401.0
1935,2,1937,967.5
2003,5,2008,400.6
1972,5,1977,394.4
1952,6,1958,325.3333333333333
1943,2,1945,971.5
1910,2,1912,955.0
1981,6,1987,330.1666666666667
1987,9,1996,220.77777777777777
1908,2,1910,954.0
1974,6,1980,329.0
1948,2,1950,974.0
2024,4,2028,506.0
1934,2,1936,967.0
1911,6,1917,318.5
1942,3,1945,647.3333333333334
2043,5,2048,408.6
1953,2,1955,976.5
1994,5,1999,398.8
2017,6,2023,336.1666666666667
2008,12,2020,167.33333333333334
1958,4,1962,489.5
2035,2,2037,1017.5
1932,5,1937,386.4
1946,3,1949,648.6666666666666
2023,3,2026,674.3333333333334
2034,6,2040,339.0
1936,4,1940,484.0
1905,4,1909,476.25
1910,5,1915,382.0
2003,2,2005,1001.5
1933,2,1935,966.5
1915,3,1918,638.3333333333334
1951,2,1953,975.5
2045,4,2049,511.25
1997,9,2006,221.88888888888889
1954,2,1956,977.0
2022,13,2035,155.53846153846155
1900,20,1920,95.0
2003,2,2005,1001.5
2034,3,2037,678.0
2038,5,2043,407.6
1931,2,1933,965.5
1966,8,1974,245.75
2018,11,2029,183.45454545454547
1912,13,1925,147.07692307692307
1980,3,1983,660.0
2023,2,2025,1011.5
1913,4,1917,478.25
2024,2,2026,1012.0
1935,3,1938,645.0
1934,5,1939,386.8
1990,3,1993,663.3333333333334
2016,9,2025,224.0
1983,2,1985,991.5
1915,5,1920,383.0
1921,5,1926,384.2
1950,7,1957,278.57142857142856
1900,3,1903,633.3333333333334
1921,6,1927,320.1666666666667
2005,5,2010,401.0
1969,9,1978,218.77777777777777
1953,6,1959,325.5
1929,4,1933,482.25
1986,2,1988,993.0
1960,6,1966,326.6666666666667
1985,8,1993,248.125
2022,3,2025,674.0
2042,4,2046,510.5
2000,2,2002,1000.0
2040,3,2043,680.0
1949,4,1953,487.25
1959,2,1961,979.5
2000,8,2008,250.0
1918,6,1924,319.6666666666667
2024,4,2028,506.0
2024,5,2029,404.8
1904,5,1909,380.8
2012,5,2017,402.4
1950,4,1954,487.5
1900,16,1916,118.75
1950,3,1953,650.0
1958,5,1963,391.6
1979,6,1985,329.8333333333333
2032,3,2035,677.3333333333334
1942,6,1948,323.6666666666667
1923,5,1928,384.6
2024,12,2036,168.66666666666666
2000,7,2007,285.7142857142857
2000,6,2006,333.3333333333333
1944,3,1947,648.0
1907,3,1910,635.6666666666666
1915,2,1917,957.5
1919,2,1921,959.5
1925,8,1933,240.625
2026,4,2030,506.5
1924,4,1928,481.0
1918,9,1927,213.11111111111111
1952,4,1956,488.0
2000,29,2029,68.96551724137932
1982,10,1992,198.2
1970,2,1972,985.0
1914,3,1917,638.0
2028,4,2032,507.0
2021,4,2025,505.25
2033,4,2037,508.25
2039,4,2043,509.75
1983,3,1986,661.0
1925,9,1934,213.88888888888889
1987,2,1989,993.5
1966,3,1969,655.3333333333334
1905,4,1909,476.25
1969,4,1973,492.25
1915,4,1919,478.75
1908,5,1913,381.6
2003,2,2005,1001.5
1989,2,1991,994.5
1901,6,1907,316.8333333333333
2020,2,2022,1010.0
2044,11,2055,185.8181818181818
1989,10,1999,198.9
1947,8,1955,243.375
1962,2,1964,981.0
1947,3,1950,649.0
2030,4,2034,507.5
1942,2,1944,971.0
1970,5,1975,394.0
2012,5,2017,402.4
2017,4,2021,504.25
1935,6,1941,322.5
1955,4,1959,488.75
1969,6,1975,328.1666666666667
1947,4,1951,486.75
1931,2,1933,965.5
1956,2,1958,978.0
1935,3,1938,645.0
1921,10,1931,192.1
1969,3,1972,656.3333333333334
2015,4,2019,503.75
2020,2,2022,1010.0
1988,5,1993,397.6
1902,3,1905,634.0
1936,6,1942,322.6666666666667
1950,2,1952,975.0
1989,4,1993,497.25
1963,3,1966,654.3333333333334
1911,7,1918,273.0
1904,3,1907,634.6666666666666
1965,5,1970,393.0
1947,10,1957,194.7
2047,5,2052,409.4
1909,4,1913,477.25
2012,3,2015,670.6666666666666
1966,2,1968,983.0
1991,6,1997,331.8333333333333
2048,8,2056,256.0
1927,4,1931,481.75
1996,6,2002,332.6666666666667
1969,2,1971,984.5
1982,5,1987,396.4
2002,3,2005,667.3333333333334
1987,2,1989,993.5
1996,8,2004,249.5
1990,3,1993,663.3333333333334
1981,6,1987,330.1666666666667
1949,4,1953,487.25
2034,3,2037,678.0
1977,2,1979,988.5
2025,8,2033,253.125
1950,5,1955,390.0
1912,6,1918,318.6666666666667
1911,2,1913,955.5
1971,5,1976,394.2
1991,14,2005,142.21428571428572
1940,3,1943,646.6666666666666
2021,5,2026,404.2
1977,2,1979,988.5
1998,5,2003,399.6
1962,2,1964,981.0
1906,9,1915,211.77777777777777
1938,5,1943,387.6
2040,4,2044,510.0
1969,7,1976,281.2857142857143
1944,3,1947,648.0
2003,17,2020,117.82352941176471
1977,35,2012,56.48571428571429
1967,16,1983,122.9375
1904,29,1933,65.65517241379311
1988,9,1997,220.88888888888889
1927,18,1945,107.05555555555556
2044,29,2073,70.48275862068965
1993,16,2009,124.5625
1987,15,2002,132.46666666666667
2032,34,2066,59.76470588235294
1983,22,2005,90.13636363636364
1957,19,1976,103.0
2029,16,2045,126.8125
1960,40,2000,49.0
1964,23,1987,85.3913043478261
1904,12,1916,158.66666666666666
2031,16,2047,126.9375
1942,19,1961,102.21052631578948
1980,21,2001,94.28571428571429
2033,45,2078,45.17777777777778
1953,20,1973,97.65
1967,19,1986,103.52631578947368
1988,20,2008,99.4
1962,29,1991,67.65517241379311
2000,19,2019,105.26315789473684
1988,20,2008,99.4
2038,20,2058,101.9
1996,28,2024,71.28571428571429
1982,31,2013,63.935483870967744
1984,22,2006,90.18181818181819
2011,21,2032,95.76190476190476
2003,28,2031,71.53571428571429
1974,20,1994,98.7
1959,39,1998,50.23076923076923
2037,22,2059,92.5909090909091
1927,28,1955,68.82142857142857
1971,22,1993,89.5909090909091
1921,20,1941,96.05
1987,34,2021,58.44117647058823
2017,45,2062,44.82222222222222
1937,32,1969,60.53125
2037,17,2054,119.82352941176471
2024,21,2045,96.38095238095238
2039,18,2057,113.27777777777777
1921,26,1947,73.88461538461539
1965,26,1991,75.57692307692308
1954,12,1966,162.83333333333334
1941,20,1961,97.05
1930,14,1944,137.85714285714286
1968,22,1990,89.45454545454545
1983,15,1998,132.2
2040,23,2063,88.69565217391305
1904,25,1929,76.16
1987,20,2007,99.35
2029,29,2058,69.96551724137932
1900,19,1919,100.0
1939,17,1956,114.05882352941177
1992,27,2019,73.77777777777777
2023,24,2047,84.29166666666667
1926,17,1943,113.29411764705883
1962,16,1978,122.625
1719,14,1733,122.78571428571429
1959,29,1988,67.55172413793103
1967,23,1990,85.52173913043478
1913,15,1928,127.53333333333333
1901,27,1928,70.4074074074074
1988,20,2008,99.4
2037,22,2059,92.5909090909091
2045,30,2075,68.16666666666667
1968,26,1994,75.6923076923077
1981,13,1994,152.3846153846154
1907,35,1942,54.48571428571429
2029,15,2044,135.26666666666668
1900,32,1932,59.375
2047,31,2078,66.03225806451613
1999,17,2016,117.58823529411765
1961,11,1972,178.27272727272728
2017,17,2034,118.6470588235294
2023,10,2033,202.3
1974,12,1986,164.5
1932,23,1955,84.0
1998,27,2025,74.0
1906,14,1920,136.14285714285714
1955,32,1987,61.09375
1958,26,1984,75.3076923076923
2008,14,2022,143.42857142857142
1916,18,1934,106.44444444444444
1923,12,1935,160.25
1979,33,2012,59.96969696969697
1918,9,1927,213.11111111111111
1986,12,1998,165.5
1933,24,1957,80.54166666666667
2009,24,2033,83.70833333333333
1929,20,1949,96.45
1928,23,1951,83.82608695652173
1954,23,1977,84.95652173913044
1926,23,1949,83.73913043478261
1944,28,1972,69.42857142857143
1949,27,1976,72.18518518518519
1951,18,1969,108.38888888888889
2037,20,2057,101.85
1994,22,2016,90.63636363636364
1920,12,1932,160.0
2034,21,2055,96.85714285714286
1963,18,1981,109.05555555555556
1970,13,1983,151.53846153846155
1950,40,1990,48.75
2028,24,2052,84.5
1949,9,1958,216.55555555555554
1970,14,1984,140.71428571428572
1920,39,1959,49.23076923076923
1954,24,1978,81.41666666666667
2022,17,2039,118.94117647058823
1960,17,1977,115.29411764705883
1918,42,1960,45.666666666666664
1988,32,2020,62.125
1900,56,1956,33.92857142857143
1978,30,2008,65.93333333333334
1944,25,1969,77.76
1953,19,1972,102.78947368421052
1904,48,1952,39.666666666666664
2036,36,2072,56.55555555555556
2019,30,2049,67.3
2034,20,2054,101.7
1988,15,2003,132.53333333333333
1957,15,1972,130.46666666666667
2002,19,2021,105.36842105263158
1935,29,1964,66.72413793103448
1993,13,2006,153.30769230769232
2030,33,2063,61.515151515151516
2030,34,2064,59.705882352941174
1941,31,1972,62.61290322580645
2026,27,2053,75.03703703703704
1919,28,1947,68.53571428571429
1953,12,1965,162.75
2027,21,2048,96.52380952380952
1992,20,2012,99.6
2020,20,2040,101.0
2006,20,2026,100.3
1965,34,1999,57.794117647058826
1944,45,1989,43.2
1900,19,1919,100.0
2025,27,2052,75.0
1967,31,1998,63.45161290322581
1910,30,1940,63.666666666666664
1918,31,1949,61.87096774193548
1908,13,1921,146.76923076923077
1988,46,2034,43.21739130434783
2043,12,2055,170.25
2023,24,2047,84.29166666666667
2011,25,2036,80.44
2046,11,2057,186.0
2024,23,2047,88.0
1931,34,1965,56.794117647058826
1951,19,1970,102.6842105263158
1912,45,1957,42.48888888888889
1994,24,2018,83.08333333333333
1999,13,2012,153.76923076923077
1966,14,1980,140.42857142857142
1988,19,2007,104.63157894736842
2035,27,2062,75.37037037037037
1986,31,2017,64.06451612903226
1935,21,1956,92.14285714285714
1984,14,1998,141.71428571428572
1938,23,1961,84.26086956521739
1931,18,1949,107.27777777777777
1991,34,2025,58.55882352941177
1923,28,1951,68.67857142857143
1969,16,1985,123.0625
1989,23,2012,86.47826086956522
2002,22,2024,91.0
1926,35,1961,55.02857142857143
1980,27,2007,73.33333333333333
1936,14,1950,138.28571428571428
1999,13,2012,153.76923076923077
2029,37,2066,54.83783783783784
1972,40,2012,49.3
1964,10,1974,196.4
1991,39,2030,51.05128205128205
1941,14,1955,138.64285714285714
2044,24,2068,85.16666666666667
1914,22,1936,87.0
1928,19,1947,101.47368421052632
1949,23,1972,84.73913043478261
2021,24,2045,84.20833333333333
1923,17,1940,113.11764705882354
1980,11,1991,180.0
1956,22,1978,88.9090909090909
1965,23,1988,85.43478260869566
2013,18,2031,111.83333333333333
1943,38,1981,51.13157894736842
2009,26,2035,77.26923076923077
1952,21,1973,92.95238095238095
2041,25,2066,81.64
2033,28,2061,72.60714285714286
2040,37,2077,55.13513513513514
2016,30,2046,67.2
1947,26,1973,74.88461538461539
2024,22,2046,92.0
1933,18,1951,107.38888888888889
2021,22,2043,91.86363636363636
2023,10,2033,202.3
2042,30,2072,68.06666666666666
1992,23,2015,86.6086956521739
2028,48,2076,42.25
1908,16,1924,119.25
1953,21,1974,93.0
1942,34,1976,57.11764705882353
1916,32,1948,59.875
1980,32,2012,61.875
1996,24,2020,83.16666666666667
2027,25,2052,81.08
2001,14,2015,142.92857142857142
2034,40,2074,50.85
2003,11,2014,182.0909090909091
1909,23,1932,83.0
1981,17,1998,116.52941176470588
1936,33,1969,58.666666666666664
1940,19,1959,102.10526315789474
1967,17,1984,115.70588235294117
1941,37,1978,52.45945945945946
1943,39,1982,49.82051282051282
2018,30,2048,67.26666666666667
1925,20,1945,96.25
1989,39,2028,51.0
1957,31,1988,63.12903225806452
2037,15,2052,135.8
2003,25,2028,80.12
1982,24,2006,82.58333333333333
1935,27,1962,71.66666666666667
2048,34,2082,60.23529411764706
2033,29,2062,70.10344827586206
2013,17,2030,118.41176470588235
2034,31,2065,65.61290322580645
1927,33,1960,58.39393939393939
2001,22,2023,90.95454545454545
1996,15,2011,133.06666666666666
1974,23,1997,85.82608695652173
1985,16,2001,124.0625
2013,22,2035,91.5
2044,20,2064,102.2
1981,29,2010,68.3103448275862
1998,32,2030,62.4375
2016,25,2041,80.64
1927,25,1952,77.08
1932,36,1968,53.666666666666664
2027,32,2059,63.34375
2023,22,2045,91.95454545454545
2013,22,2035,91.5
1945,25,1970,77.8
1954,34,1988,57.470588235294116
1944,14,1958,138.85714285714286
1928,24,1952,80.33333333333333
1989,18,2007,110.5
1932,14,1946,138.0
2047,26,2073,78.73076923076923
2032,11,2043,184.72727272727272
1946,32,1978,60.8125
2042,30,2072,68.06666666666666
2013,19,2032,105.94736842105263
1956,39,1995,50.15384615384615
1957,21,1978,93.19047619047619
2042,18,2060,113.44444444444444
2004,29,2033,69.10344827586206
2020,21,2041,96.19047619047619
1946,19,1965,102.42105263157895
1911,45,1956,42.46666666666667
2035,17,2052,119.70588235294117
1968,24,1992,82.0
1974,24,1998,82.25
2028,26,2054,78.0
1924,20,1944,96.2
1905,16,1921,119.0625
2025,31,2056,65.3225806451613
1970,25,1995,78.8
2009,28,2037,71.75
1910,38,1948,50.26315789473684
1964,27,1991,72.74074074074075
2022,25,2047,80.88
1910,20,1930,95.5
2039,14,2053,145.64285714285714
2021,19,2040,106.36842105263158
2023,31,2054,65.25806451612904
2048,23,2071,89.04347826086956
2035,19,2054,107.10526315789474
1986,41,2027,48.4390243902439
2021,22,2043,91.86363636363636
2008,28,2036,71.71428571428571
2039,29,2068,70.3103448275862
1970,27,1997,72.96296296296296
1909,23,1932,83.0
1918,22,1940,87.18181818181819
1922,19,1941,101.15789473684211
1958,21,1979,93.23809523809524
1948,28,1976,69.57142857142857
1955,47,2002,41.59574468085106
1970,25,1995,78.8
1980,23,2003,86.08695652173913
2037,25,2062,81.48
1944,27,1971,72.0
2039,4,2043,509.75
2003,4,2007,500.75
1958,4,1962,489.5
1962,4,1966,490.5
2031,4,2035,507.75
1922,4,1926,480.5
1905,4,1909,476.25
1993,4,1997,498.25
1903,4,1907,475.75
1946,4,1950,486.5
1978,4,1982,494.5
2002,4,2006,500.5
2021,4,2025,505.25
1915,4,1919,478.75
1937,4,1941,484.25
1993,4,1997,498.25
1931,4,1935,482.75
1978,4,1982,494.5
1937,4,1941,484.25
1998,4,2002,499.5
2007,4,2011,501.75
2024,4,2028,506.0
2020,4,2024,505.0
1982,4,1986,495.5
2045,4,2049,511.25
1943,4,1947,485.75
1963,4,1967,490.75
1988,4,1992,497.0
1981,4,1985,495.25
1943,4,1947,485.75
2047,4,2051,511.75
2004,4,2008,501.0
1997,4,2001,499.25
1985,4,1989,496.25
1983,4,1987,495.75
2038,4,2042,509.5
2004,4,2008,501.0
1936,4,1940,484.0
2013,4,2017,503.25
1920,4,1924,480.0
1977,4,1981,494.25
1998,4,2002,499.5
1950,4,1954,487.5
1906,4,1910,476.5
2033,4,2037,508.25
2012,4,2016,503.0
1956,4,1960,489.0
1978,4,1982,494.5
1902,4,1906,475.5
1902,4,1906,475.5
1974,4,1978,493.5
1900,4,1904,475.0
1915,4,1919,478.75
1961,4,1965,490.25
2031,4,2035,507.75
1984,4,1988,496.0
1992,4,1996,498.0
1989,4,1993,497.25
1921,4,1925,480.25
2031,4,2035,507.75
2048,4,2052,512.0
1971,4,1975,492.75
1905,4,1909,476.25
1934,4,1938,483.5
1915,4,1919,478.75
1917,4,1921,479.25
2041,4,2045,510.25
1985,4,1989,496.25
1919,4,1923,479.75
1968,4,1972,492.0
1937,4,1941,484.25
1988,4,1992,497.0
2048,4,2052,512.0
1962,4,1966,490.5
1901,4,1905,475.25
2011,4,2015,502.75
2039,4,2043,509.75
1987,4,1991,496.75
2009,4,2013,502.25
2001,4,2005,500.25
1998,4,2002,499.5
2018,4,2022,504.5
1929,4,1933,482.25
2034,4,2038,508.5
1901,4,1905,475.25
2013,4,2017,503.25
1966,4,1970,491.5
1929,4,1933,482.25
1991,4,1995,497.75
1918,4,1922,479.5
2025,4,2029,506.25
1985,4,1989,496.25
2035,4,2039,508.75
2001,4,2005,500.25
1996,4,2000,499.0
1925,4,1929,481.25
2036,4,2040,509.0
1900,4,1904,475.0
1945,4,1949,486.25
2005,4,2009,501.25
2003,4,2007,500.75
1988,4,1992,497.0
1908,4,1912,477.0
1914,4,1918,478.5
1940,4,1944,485.0
1990,4,1994,497.5
1945,4,1949,486.25
2017,4,2021,504.25
1974,4,1978,493.5
2023,4,2027,505.75
1980,4,1984,495.0
1976,4,1980,494.0
1925,4,1929,481.25
1993,4,1997,498.25
1944,4,1948,486.0
2026,4,2030,506.5
1909,4,1913,477.25
2017,4,2021,504.25
2010,4,2014,502.5
1968,4,1972,492.0
1994,4,1998,498.5
1949,4,1953,487.25
1901,4,1905,475.25
1995,4,1999,498.75
1963,4,1967,490.75
2035,4,2039,508.75
1929,4,1933,482.25
1952,4,1956,488.0
1998,4,2002,499.5
1978,4,1982,494.5
1943,4,1947,485.75
1907,4,1911,476.75
2007,4,2011,501.75
1995,4,1999,498.75
2017,4,2021,504.25
1945,4,1949,486.25
2048,4,2052,512.0
2004,4,2008,501.0
1975,4,1979,493.75
1949,4,1953,487.25
2043,4,2047,510.75
1968,4,1972,492.0
1988,4,1992,497.0
1980,4,1984,495.0
1996,4,2000,499.0
2048,4,2052,512.0
2007,4,2011,501.75
1928,4,1932,482.0
1996,4,2000,499.0
1952,4,1956,488.0
1909,4,1913,477.25
1953,4,1957,488.25
2025,4,2029,506.25
1986,4,1990,496.5
2029,4,2033,507.25
1958,4,1962,489.5
2042,4,2046,510.5
1963,4,1967,490.75
2025,4,2029,506.25
2022,4,2026,505.5
1963,4,1967,490.75
1928,4,1932,482.0
1934,4,1938,483.5
1938,4,1942,484.5
1969,4,1973,492.25
1981,4,1985,495.25
1932,4,1936,483.0
1910,4,1914,477.5
2045,4,2049,511.25
2047,4,2051,511.75
2028,4,2032,507.0
1996,4,2000,499.0
1942,4,1946,485.5
1996,4,2000,499.0
2018,4,2022,504.5
1910,4,1914,477.5
1965,4,1969,491.25
2019,4,2023,504.75
1994,4,1998,498.5
1978,4,1982,494.5
1999,4,2003,499.75
2010,4,2014,502.5
2033,4,2037,508.25
1916,4,1920,479.0
2007,4,2011,501.75
2020,4,2024,505.0
1977,4,1981,494.25
1963,4,1967,490.75
1904,4,1908,476.0
2006,4,2010,501.5
1975,4,1979,493.75
2014,4,2018,503.5
2046,4,2050,511.5
2023,4,2027,505.75
1998,4,2002,499.5
1984,4,1988,496.0
1989,4,1993,497.25
1932,4,1936,483.0
1988,4,1992,497.0
1978,4,1982,494.5
2047,4,2051,511.75
2017,4,2021,504.25
1936,4,1940,484.0
2032,4,2036,508.0
1952,4,1956,488.0
1978,4,1982,494.5
1921,4,1925,480.25
2017,4,2021,504.25
1935,4,1939,483.75
1964,4,1968,491.0
1929,4,1933,482.25
1942,4,1946,485.5
1992,4,1996,498.0
2031,4,2035,507.75
2022,4,2026,505.5
2048,4,2052,512.0
1910,4,1914,477.5
2041,4,2045,510.25
1947,4,1951,486.75
2007,4,2011,501.75
1951,4,1955,487.75
1968,4,1972,492.0
1902,4,1906,475.5
1989,4,1993,497.25
1900,4,1904,475.0
1981,4,1985,495.25
1984,4,1988,496.0
1925,4,1929,481.25
1949,4,1953,487.25
1923,4,1927,480.75
2039,4,2043,509.75
1997,4,2001,499.25
1910,4,1914,477.5
1999,4,2003,499.75
2047,4,2051,511.75
1973,4,1977,493.25
1962,4,1966,490.5
1932,4,1936,483.0
2042,4,2046,510.5
1925,4,1929,481.25
1988,4,1992,497.0
2042,4,2046,510.5
1953,4,1957,488.25
1948,4,1952,487.0
2033,4,2037,508.25
2005,4,2009,501.25
1941,4,1945,485.25
2011,4,2015,502.75
1904,4,1908,476.0
1970,4,1974,492.5
1964,4,1968,491.0
1921,4,1925,480.25
1900,4,1904,475.0
2015,4,2019,503.75
1975,4,1979,493.75
1970,4,1974,492.5
1993,4,1997,498.25
1910,4,1914,477.5
2007,4,2011,501.75
1908,4,1912,477.0
1910,4,1914,477.5
1950,4,1954,487.5
1900,4,1904,475.0
1937,4,1941,484.25
1922,4,1926,480.5
1951,4,1955,487.75
2030,4,2034,507.5
2001,4,2005,500.25
2004,4,2008,501.0
1980,4,1984,495.0
1927,4,1931,481.75
1925,4,1929,481.25
1961,4,1965,490.25
1980,4,1984,495.0
1921,4,1925,480.25
1945,4,1949,486.25
1945,4,1949,486.25
2036,4,2040,509.0
1960,4,1964,490.0
2024,4,2028,506.0
2034,4,2038,508.5
1923,4,1927,480.75
2010,4,2014,502.5
2044,4,2048,511.0
2031,4,2035,507.75
1959,4,1963,489.75
2030,4,2034,507.5
1985,4,1989,496.25
1969,4,1973,492.25
2031,4,2035,507.75
1997,4,2001,499.25
2013,4,2017,503.25
1927,4,1931,481.75
2044,4,2048,511.0
1900,4,1904,475.0
2004,4,2008,501.0
1920,4,1924,480.0
1988,4,1992,497.0
1975,4,1979,493.75
2039,4,2043,509.75
1914,9,1923,212.66666666666666
1912,9,1921,212.44444444444446
1995,13,2008,153.46153846153845
1946,35,1981,55.6
1925,7,1932,275.0
1963,4,1967,490.75
1991,39,2030,51.05128205128205
2032,24,2056,84.66666666666667
1908,41,1949,46.53658536585366
1984,55,2039,36.07272727272727
2040,116,2156,17.586206896551722
1960,11,1971,178.1818181818182
2046,19,2065,107.6842105263158
1957,17,1974,115.11764705882354
1981,39,2020,50.794871794871796
1922,8,1930,240.25
1920,29,1949,66.20689655172414
1914,59,1973,32.440677966101696
1925,40,1965,48.125
1982,6,1988,330.3333333333333
2027,96,2123,21.114583333333332
1999,7,2006,285.57142857142856
2003,4,2007,500.75
2027,59,2086,34.355932203389834
1987,8,1995,248.375
1991,40,2031,49.775
1911,93,2004,20.548387096774192
1933,125,2058,15.464
2014,6,2020,335.6666666666667
1923,6,1929,320.5
2039,9,2048,226.55555555555554
1987,4,1991,496.75
1934,11,1945,175.8181818181818
2005,29,2034,69.13793103448276
1987,6,1993,331.1666666666667
1908,28,1936,68.14285714285714
2013,6,2019,335.5
2004,5,2009,400.8
1944,76,2020,25.57894736842105
1991,10,2001,199.1
2019,31,2050,65.12903225806451
2019,13,2032,155.30769230769232
1961,9,1970,217.88888888888889
1990,92,2082,21.630434782608695
2048,37,2085,55.351351351351354
1903,18,1921,105.72222222222223
2047,11,2058,186.0909090909091
1956,50,2006,39.12
2039,42,2081,48.54761904761905
1919,45,1964,42.644444444444446
1963,47,2010,41.765957446808514
1922,6,1928,320.3333333333333
1945,42,1987,46.30952380952381
2006,83,2089,24.16867469879518
2012,5,2017,402.4
1961,6,1967,326.8333333333333
1977,6,1983,329.5
1927,7,1934,275.2857142857143
1901,6,1907,316.8333333333333
2026,10,2036,202.6
1914,25,1939,76.56
1904,8,1912,238.0
1939,24,1963,80.79166666666667
1913,13,1926,147.15384615384616
2022,66,2088,30.636363636363637
1934,52,1986,37.19230769230769
1949,240,2189,8.120833333333334
2011,32,2043,62.84375
1937,43,1980,45.04651162790697
1910,4,1914,477.5
1952,30,1982,65.06666666666666
1942,53,1995,36.64150943396226
2043,4,2047,510.75
1905,33,1938,57.72727272727273
1953,11,1964,177.54545454545453
1917,7,1924,273.85714285714283
1939,44,1983,44.06818181818182
2037,31,2068,65.70967741935483
1901,66,1967,28.803030303030305
1950,33,1983,59.09090909090909
2002,9,2011,222.44444444444446
2041,314,2355,6.5
2022,38,2060,53.21052631578947
1902,54,1956,35.22222222222222
2018,13,2031,155.23076923076923
2033,5,2038,406.6
2002,5,2007,400.4
1969,12,1981,164.08333333333334
1905,41,1946,46.46341463414634
2012,48,2060,41.916666666666664
1944,6,1950,324.0
2024,62,2086,32.645161290322584
1950,24,1974,81.25
1918,4,1922,479.5
1949,4,1953,487.25
2018,84,2102,24.023809523809526
1907,9,1916,211.88888888888889
1983,22,2005,90.13636363636364
1998,36,2034,55.5
1930,7,1937,275.7142857142857
2001,81,2082,24.703703703703702
1946,123,2069,15.821138211382113
1998,5,2003,399.6
2039,8,2047,254.875
2008,18,2026,111.55555555555556
1979,71,2050,27.87323943661972
1945,10,1955,194.5
2005,51,2056,39.31372549019608
2041,46,2087,44.369565217391305
1968,53,2021,37.132075471698116
2034,40,2074,50.85
1930,48,1978,40.208333333333336
2006,88,2094,22.795454545454547
1922,37,1959,51.945945945945944
1989,6,1995,331.5
1902,11,1913,172.9090909090909
2038,20,2058,101.9
2023,14,2037,144.5
1975,10,1985,197.5
1999,51,2050,39.19607843137255
2045,28,2073,73.03571428571429
2013,37,2050,54.4054054054054
2026,25,2051,81.04
1991,72,2063,27.65277777777778
2022,39,2061,51.84615384615385
2029,10,2039,202.9
2029,16,2045,126.8125
1962,34,1996,57.705882352941174
1906,71,1977,26.845070422535212
1992,21,2013,94.85714285714286
1958,23,1981,85.1304347826087
1963,54,2017,36.351851851851855
1978,66,2044,29.96969696969697
1964,11,1975,178.54545454545453
2010,15,2025,134.0
2011,88,2099,22.852272727272727
1971,14,1985,140.78571428571428
1972,6,1978,328.6666666666667
1932,81,2013,23.85185185185185
1906,6,1912,317.6666666666667
1961,127,2088,15.440944881889763
1934,42,1976,46.04761904761905
2027,36,2063,56.30555555555556
1952,20,1972,97.6
2043,138,2181,14.804347826086957
2041,89,2130,22.93258426966292
2026,63,2089,32.15873015873016
2027,37,2064,54.78378378378378
1914,8,1922,239.25
2041,23,2064,88.73913043478261
2020,4,2024,505.0
1911,74,1985,25.824324324324323
1904,69,1973,27.594202898550726
1925,37,1962,52.027027027027025
1958,10,1968,195.8
2047,198,2245,10.33838383838384
1919,4,1923,479.75
2038,40,2078,50.95
1961,21,1982,93.38095238095238
1938,7,1945,276.85714285714283
2008,74,2082,27.135135135135137
2045,46,2091,44.45652173913044
1977,31,2008,63.774193548387096
1936,7,1943,276.57142857142856
1954,8,1962,244.25
1966,118,2084,16.661016949152543
2046,44,2090,46.5
2017,35,2052,57.628571428571426
1975,24,1999,82.29166666666667
1971,20,1991,98.55
1937,28,1965,69.17857142857143
1965,93,2058,21.129032258064516
1957,44,2001,44.47727272727273
2040,109,2149,18.71559633027523
2006,5,2011,401.2
1952,4,1956,488.0
1962,4,1966,490.5
1910,186,2096,10.268817204301076
2030,21,2051,96.66666666666667
1934,6,1940,322.3333333333333
1970,18,1988,109.44444444444444
1992,8,2000,249.0
1956,8,1964,244.5
1967,4,1971,491.75
1956,29,1985,67.44827586206897
1904,13,1917,146.46153846153845
2034,20,2054,101.7
1919,5,1924,383.8
2026,38,2064,53.31578947368421
1968,6,1974,328.0
2038,49,2087,41.59183673469388
1955,17,1972,115.0
1907,22,1929,86.68181818181819
1991,11,2002,181.0
1996,4,2000,499.0
2007,29,2036,69.20689655172414
2012,18,2030,111.77777777777777
2042,73,2115,27.972602739726028
1995,200,2195,9.975
2009,7,2016,287.0
1966,603,2569,3.2603648424543947
1971,717,2688,2.7489539748953975
2038,715,2753,2.85034965034965
1974,799,2773,2.4705882352941178
1986,728,2714,2.728021978021978
2047,691,2738,2.962373371924747
1974,667,2641,2.95952023988006
1900,1183,3083,1.606086221470837
1900,717,2617,2.6499302649930265
1993,781,2774,2.5518565941101152
1931,540,2471,3.575925925925926
1996,844,2840,2.3649289099526065
1990,637,2627,3.1240188383045524
2027,782,2809,2.5920716112531967
2022,387,2409,5.224806201550388
1993,889,2882,2.2418447694038246
2042,737,2779,2.7706919945725916
1939,865,2804,2.2416184971098265
1940,760,2700,2.5526315789473686
1904,291,2195,6.542955326460481
2001,764,2765,2.619109947643979
1962,683,2645,2.8726207906295755
1927,622,2549,3.098070739549839
1935,727,2662,2.66162310866575
1951,690,2641,2.827536231884058
1977,689,2666,2.869375907111756
1970,852,2822,2.312206572769953
2019,942,2961,2.143312101910828
1966,668,2634,2.94311377245509
1957,255,2212,7.674509803921569
1977,191,2168,10.350785340314136
1915,579,2494,3.307426597582038
2032,652,2684,3.1165644171779143
1936,501,2437,3.8642714570858283
1958,648,2606,3.021604938271605
1990,665,2655,2.992481203007519
1985,670,2655,2.962686567164179
2045,824,2869,2.4817961165048543
1951,893,2844,2.184770436730123
2023,863,2886,2.3441483198146003
1929,816,2745,2.363970588235294
2027,731,2758,2.7729138166894667
1964,733,2697,2.679399727148704
1951,724,2675,2.6947513812154695
2000,803,2803,2.4906600249066004
2004,662,2666,3.027190332326284
1911,637,2548,3.0
2011,823,2834,2.4434993924665855
1915,621,2536,3.0837359098228663
1997,693,2690,2.8816738816738816
1918,498,2416,3.8514056224899598
2018,812,2830,2.4852216748768474
1953,727,2680,2.686382393397524
1983,797,2780,2.4880803011292345
1905,569,2474,3.3479789103690685
1936,725,2661,2.6703448275862067
2013,661,2674,3.0453857791225416
2029,604,2633,3.359271523178808
2017,486,2503,4.150205761316872
2007,1417,3424,1.4163726182074805
2029,835,2864,2.429940119760479
1909,707,2616,2.7001414427157
1933,855,2788,2.2608187134502926
1938,640,2578,3.028125
1956,869,2825,2.2508630609896434
2025,587,2612,3.4497444633730834
1918,613,2531,3.128874388254486
1911,665,2576,2.873684210526316
1917,784,2701,2.44515306122449
2037,1151,3188,1.7697654213727194
1907,870,2777,2.1919540229885057
1900,802,2702,2.369077306733167
2039,692,2731,2.9465317919075145
1983,695,2678,2.8532374100719426
1916,259,2175,7.397683397683398
1992,814,2806,2.447174447174447
1911,895,2806,2.135195530726257
1955,805,2760,2.4285714285714284
2020,661,2681,3.0559757942511347
2040,702,2742,2.905982905982906
1918,816,2734,2.3504901960784315
2048,864,2912,2.3703703703703702
1951,943,2894,2.0689289501590666
1979,626,2605,3.1613418530351436
1978,628,2606,3.1496815286624202
1907,862,2769,2.2122969837587005
1956,731,2687,2.6757865937072505
2024,682,2706,2.967741935483871
1945,594,2539,3.274410774410774
1960,745,2705,2.6308724832214767
1988,1355,3343,1.4671586715867158
1913,686,2599,2.7886297376093294
1915,648,2563,2.955246913580247
2015,1132,3147,1.780035335689046
1981,715,2696,2.7706293706293708
2037,830,2867,2.4542168674698797
1996,520,2516,3.8384615384615386
1911,668,2579,2.8607784431137726
1911,1411,3322,1.3543586109142451
2032,663,2695,3.0648567119155357
1904,308,2212,6.181818181818182
1947,695,2642,2.8014388489208635
2041,611,2652,3.3404255319148937
1918,722,2640,2.656509695290859
1961,666,2627,2.9444444444444446
2024,561,2585,3.607843137254902
2041,744,2785,2.743279569892473
2041,689,2730,2.9622641509433962
2028,771,2799,2.630350194552529
1961,554,2515,3.53971119133574
1915,805,2720,2.37888198757764
1956,894,2850,2.1879194630872485
2013,714,2727,2.819327731092437
1902,383,2285,4.966057441253263
1932,858,2790,2.2517482517482517
1911,813,2724,2.3505535055350553
1943,732,2675,2.6543715846994536
2015,329,2344,6.124620060790273
1960,721,2681,2.7184466019417477
2021,737,2758,2.7421981004070557
1924,603,2527,3.1907131011608625
1981,651,2632,3.043010752688172
2036,715,2751,2.8475524475524474
2010,701,2711,2.8673323823109844
2046,891,2937,2.2962962962962963
2013,852,2865,2.362676056338028
2045,873,2918,2.3424971363115694
1961,927,2888,2.115426105717368
1963,728,2691,2.6964285714285716
1917,709,2626,2.703808180535966
1968,677,2645,2.9069423929098965
1996,674,2670,2.9614243323442135
2023,473,2496,4.276955602536998
2000,410,2410,4.878048780487805
1946,712,2658,2.7331460674157304
1973,1108,3081,1.7806859205776173
1974,328,2302,6.0182926829268295
1967,836,2803,2.352870813397129
1901,788,2689,2.4124365482233503
1954,546,2500,3.578754578754579
1957,784,2741,2.496173469387755
1959,763,2722,2.5674967234600263
2019,775,2794,2.6051612903225805
1901,756,2657,2.5145502645502646
1922,593,2515,3.2411467116357504
2001,744,2745,2.689516129032258
1982,640,2622,3.096875
1917,779,2696,2.460847240051348
2027,847,2874,2.3931523022432115
1902,776,2678,2.4510309278350517
1993,317,2310,6.287066246056782
2015,937,2952,2.150480256136606
2026,678,2704,2.9882005899705013
1912,550,2462,3.4763636363636365
1970,863,2833,2.282734646581692
2044,718,2762,2.8467966573816157
1969,946,2915,2.0813953488372094
1951,748,2699,2.608288770053476
1944,649,2593,2.99537750385208
2043,830,2873,2.4614457831325303
1964,365,2329,5.380821917808219
1964,675,2639,2.9096296296296296
2031,533,2564,3.810506566604128
1922,714,2636,2.6918767507002803
1927,555,2482,3.472072072072072
2004,478,2482,4.192468619246862
1996,786,2782,2.539440203562341
2035,373,2408,5.455764075067024
1916,874,2790,2.192219679633867
1989,1007,2996,1.9751737835153922
1967,657,2624,2.993911719939117
1967,616,2583,3.1931818181818183
2009,655,2664,3.067175572519084
2014,623,2637,3.232744783306581
2014,893,2907,2.25531914893617
2004,849,2853,2.360424028268551
2004,720,2724,2.783333333333333
2006,602,2608,3.3322259136212624
1964,676,2640,2.905325443786982
1926,506,2432,3.8063241106719365
1938,451,2389,4.2971175166297115
2038,697,2735,2.9239598278335723
2035,716,2751,2.8421787709497206
2042,778,2820,2.6246786632390746
2048,445,2493,4.602247191011236
2007,772,2779,2.599740932642487
1904,880,2784,2.1636363636363636
1981,753,2734,2.6308100929614873
1946,707,2653,2.7524752475247523
2002,770,2772,2.6
2034,866,2900,2.348729792147806
1976,483,2459,4.091097308488613
1909,663,2572,2.879336349924585
1982,718,2700,2.7604456824512535
1903,278,2181,6.845323741007194
1907,685,2592,2.783941605839416
1903,871,2774,2.184845005740528
1963,282,2245,6.960992907801418
1993,408,2401,4.884803921568627
1951,579,2530,3.3696027633851466
